Workbook

Sheet 2025 结构设计订单 
A1: 2025财年结构设计订单管理
A2: 序号 | B2: 订单号 | C2: 容量 MVA | D2: 电压 Kv | E2: 客户 | F2: 国内/出口 | G2: 台数 | H2: 项目负责人 一次 | I2: 项目负责人 二次 | J2: 一次图纸 提交日期 | K2: 一次图纸 确认日期 | L2: 设计工具 | M2: 二次图纸 提交日期 | N2: 二次图纸 确认日期 | O2: 是否分体 大架子 | P2: 是否试验套管 | Q2: 试验套管型号及 数量，目前套管能具备几台同时试验的条件? | R2: 开关数量 | S2: 焊接箱沿 | U2: 问题汇总
A3: 69 | B3: 812645~812654 | C3: 334 | D3: 500 | E3: NGCP | F3: 出口 | G3: 7 | H3: 郭运波 | I3: 司林杰 | J3: 44755 | K3: 44893 | L3: 2D | M3: 45487 | N3: 44956 | T3: copy design 812825
A4: 15 | B4: 812921/2922 | C4: 240 | D4: 220 | E4: 合肥 | F4: 国内 | G4: 2 | H4: 戚彬 | I4: 李世升 | J4: 45323 | K4: 45436 | L4: 2D | M4: 45436 | T4: copy design 812976
A5: 4 | B5: 812845 | C5: 209 | D5: 150 | E5: Belgium | F5: 出口 | G5: 1 | H5: 陈振东 | I5: 司林杰 | J5: 45345 | K5: 45754 | L5: 2D | M5: 45345 | S5: 是 | T5: 低压套管更换
A6: 70 | B6: 812860~812862 | C6: 550 | D6: 330 | E6: Australia WPC, NREP project | F6: 出口 | G6: 2 | H6: 郭运波 | I6: 王芳 | J6: 45404 | M6: 45412 | O6: 是 | R6: 3 | S6: 是 | T6: copy design 812976
A7: 71 | B7: 812947 | C7: 340 | D7: 330 | E7: Australia Wellington BESS | F7: 出口 | G7: 1 | H7: 郭运波 | I7: 王芳 | J7: 45412 | M7: 45412 | T7: copy design 813063
A8: 72 | B8: 812925 | C8: 400 | D8: 400 | E8: Romania Brazi Vest Substation | F8: 出口 | G8: 1 | H8: 郭运波 | I8: 司林杰 | J8: 45436 | M8: 45436 | T8: Ester oil (Midel 7131)
A9: 73 | B9: 812938~812941 | C9: 160 | D9: 132 | E9: UK GLP Project Olympus | F9: 出口 | G9: 3 | H9: 郭运波 | I9: 司林杰 | J9: 45460 | K9: 45583 | L9: 2D | M9: 45454 | N9: 45583 | O9: 是(错层) | P9: 是 | Q9: 4支40.5kV试验套管 | R9: 3 | T9: Ester oil (Midel 7131) repeat order 822807
A10: 74 | B10: 812952/812953 | C10: 140 | D10: 230 | E10: France_Paris_225kV_Data4 project | F10: 出口 | G10: 2 | H10: 郭运波 | I10: 司林杰 | J10: 45483 | K10: 45510 | L10: 2D | M10: 45483 | N10: 45513 | T10: similar812645
A11: 75 | B11: 812963 | C11: 250 | D11: 400 | E11: RO Cornatelu | F11: 出口 | G11: 1 | H11: 郭运波 | I11: 王芳 | J11: 45485 | L11: 2D | M11: 45488 | T11: TADcurrentversion
A12: 57 | B12: 813046~813048 | C12: 334 | D12: 500 | E12: 四川谭家湾500kV主变增容扩建工程 | F12: 国内 | G12: 3 | H12: 郑瑞阳 | I12: 司林杰 | J12: 45493 | L12: 2D | M12: 45635 | T12: 交货期2026
A13: 16 | B13: 812976 | C13: 160 | D13: 400 | E13: RO PV Butimanu | F13: 出口 | G13: 1 | H13: 戚彬 | I13: 王芳 | J13: 45504 | K13: 45537 | L13: 2D | M13: 45504 | N13: 45545 | T13: 其他备注
A14: 55 | B14: 812855/812856 | C14: 240 | D14: 220 | E14: 杭州祝桥 | F14: 国内 | G14: 2 | H14: 邢晓静 | I14: 王芳 | J14: 45513 | L14: 2D | M14: 45519 | T14: 器身导变812520，但外部套管位置镜像
A15: 77 | B15: 812978 | C15: 250 | D15: 400 | E15: Romania Draganesti Olt | F15: 出口 | G15: 1 | H15: 郭运波 | I15: 王芳 | J15: 45522 | K15: 45538 | L15: 2D | M15: 45523 | N15: 45538 | T15: 器身导变812738
A16: 17 | B16: 812975 | C16: 125 | D16: 400 | E16: RO PV Butimanu | F16: 出口 | G16: 1 | H16: 戚彬 | I16: 王芳 | J16: 45532 | K16: 45545 | L16: 2D | M16: 45528 | N16: 45545 | T16: 器身导变812941，但外部套管位置不同
A17: 18 | B17: 812995 | C17: 290 | D17: 132 | E17: Australia _CPP Williamsdale BESS | G17: 1 | H17: 戚彬 | I17: 王芳 | J17: 45547 | L17: 2D | M17: 45547 | T17: 备用变 现场为广州厂产品
A18: 103 | B18: 812846~812848 | C18: 450 | D18: 400 | E18: Portugal Startcampus EHV SS | F18: 出口 | G18: 3 | H18: 陈振东 | I18: 王芳 | J18: 45555 | L18: 2D | M18: 45559 | R18: 1 | T18: 导变812595
A19: 78 | B19: 813006~813015 | C19: 334 | D19: 500 | E19: Philippines TERRA NE 2 Solar Power Project | F19: 出口 | G19: 10 | H19: 郭运波 | I19: 司林杰 | J19: 45571 | L19: 2D | M19: 202410-10 | S19: 是 | T19: 导变812642， 试验套管完成厂内试验
A20: 79 | B20: 813001~813003 | C20: 150 | D20: 400 | E20: Spain REE reactors | F20: 出口 | G20: 3 | H20: 郭运波 | I20: 司林杰 | J20: 45593 | L20: 3D | M20: 45593 | R20: 无 | T20: 第一台做短路试验
A21: 19 | B21: 813020 | C21: 100 | D21: 400 | E21: Romania Trivalea Mosteni | F21: 出口 | G21: 2 | H21: 戚彬 | I21: 王芳 | J21: 45595 | K21: 45610 | L21: 2D | M21: 45595 | N21: 45610 | T21: 第一台电抗器订单
A22: 2 | B22: 813000 | C22: 170 | D22: 150 | E22: Portugal REN | F22: 出口 | G22: 1 | H22: 张金环 | I22: 司林杰 | J22: 45596 | L22: 2D | M22: 45596 | T22: 错层10米
A23: 115 | B23: 813021/813022 | C23: 200 | D23: 220 | E23: Romania Banca | F23: 出口 | G23: 2 | H23: 高伟廷 | I23: 司林杰 | J23: 45596 | L23: 3D | M23: 45596 | N23: 45632 | T23: 错层10.5米
A24: 119 | B24: 813023 | C24: 200 | D24: 231 | E24: RO Calafat | F24: 出口 | G24: 1 | H24: 高伟廷 | I24: 王芳 | J24: 45606 | L24: 3D | M24: 45606
A25: 3 | B25: 813036 | C25: 310 | D25: 220 | E25: 唐山乐亭月坨岛海上风电 | F25: 国内 | G25: 1 | H25: 张金环 | I25: 王芳 | J25: 45610 | L25: 2D | O25: 是 | P25: 是 | Q25: 占用3支试验套管 | S25: 是 | U25: 错层高度更改 开关压力释放阀选型 海风冷却方式研发 影响设计进度
A26: 20 | B26: 813016 | C26: 100 | D26: 400 | E26: South Africa_ ESKOM | F26: 出口 | G26: 1 | H26: 戚彬 | I26: 司林杰 | J26: 45616 | L26: 2D | M26: 45672
A27: 56 | B27: 812838 | C27: 334 | D27: 500 | E27: 湖南 | F27: 国内 | G27: 1 | H27: 邢晓静 | I27: 王芳 | J27: 45616 | K27: 45628 | L27: 2D | M27: 45616
A28: 104 | B28: 812871~812899 | C28: 83.3 | D28: 400 | E28: Iraq | F28: 出口 | G28: 29 | H28: 陈振东 | I28: 司林杰 | J28: 45616 | L28: 2D | M28: 45616 | R28: 1
A29: 120 | B29: 813017~813019 | C29: 250 | D29: 400 | E29: South Africa_ ESKOM | F29: 出口 | G29: 3 | H29: 高伟廷 | I29: 司林杰 | J29: 45616 | L29: 3D | M29: 45672
A30: 127 | B30: 813035 | C30: 120 | D30: 400 | E30: Mexico Las Glorias | F30: 出口 | G30: 1 | H30: 高伟廷 | I30: 王芳 | J30: 45637 | L30: 3D
A31: 58 | B31: 850652 | C31: 50 | D31: 110 | E31: 杭州万安 | F31: 国内 | G31: 1 | H31: 郑瑞阳 | I31: 司林杰 | J31: 45641 | M31: 45644
A32: 105 | B32: 812996/812997 | C32: 250 | D32: 275 | E32: Indonesia Vantage Data Center KL | F32: 出口 | G32: 2 | H32: 陈振东 | I32: 王芳 | J32: 45641 | L32: 2D | M32: 45648 | P32: 是 | Q32: 占用3支试验套管 | R32: 1
A33: 80 | B33: 813055~813057 | C33: 250 | D33: 220 | E33: Egypt SCATEC | F33: 出口 | G33: 3 | H33: 郭运波 | I33: 王芳 | J33: 45649 | L33: 3D
A34: 58 | B34: 813075-813077 | C34: 334 | D34: 550 | E34: 湖北军山 | F34: 国内 | G34: 3 | H34: 郑瑞阳 | I34: 司林杰 | J34: 45651 | M34: 45709
A35: 31 | B35: 813063 | C35: 220 | D35: 154 | E35: Chile PV Gran Teno | F35: 出口 | G35: 1 | H35: 李咏梅 | I35: 王芳 | J35: 45656
A36: 50 | B36: 813029~813031 | C36: 300 | D36: 410 | E36: Finland_Kristinestad & Anttila SVC PLUS | F36: 出口 | G36: 3 | H36: 李红杰 | I36: 司林杰 | J36: 45670 | L36: 3D | M36: 45668 | U36: ,1，算单评审后offer 更新高压额定电压，电算、结构重新设计 2，客户要求中性点套管耐受3*1N电流，更新套管型号
A37: 106 | B37: 813069/813070 | C37: 300 | D37: 275 | E37: Australia_Supernode Stage 3 Project | F37: 出口 | G37: 2 | H37: 陈振东 | I37: 司林杰 | J37: 45671 | M37: 45672 | P37: 是 | Q37: 占用3支试验套管 | R37: 1 | U37: 器身、引线设计 测绘返修变压器尺寸 设计周期是正常设计2.5倍
A38: 32 | B38: 813005 | C38: 510 | D38: 525 | E38: CA Napanee Simple Cycle | F38: 出口 | G38: 1 | H38: 李咏梅 | I38: 王芳 | J38: 45672 | L38: 3D | U38: 绝缘水平高于500kV，前期投标没有分辨出来，花费大量时间澄清
A39: 81 | B39: 813058/813059 | C39: 175 | D39: 220 | E39: Egypt SCATEC | F39: 出口 | G39: 2 | H39: 郭运波 | I39: 王芳 | J39: 45672 | L39: 3D
A40: 107 | B40: 813062 | C40: 150 | D40: 220 | E40: Peru SUNNY II Solar Plant | F40: 出口 | G40: 1 | H40: 陈振东 | I40: 王芳 | J40: 45672 | M40: 45677 | R40: 1
A41: 5 | B41: 813079-813080 | C41: 300 | D41: 220 | E41: 广州紫研老挝Laos | F41: 出口 | G41: 2 | H41: 张金环 | I41: 司林杰 | J41: 45680 | K41: 45689 | M41: 45680
A42: 59 | B42: 813071 | C42: 180 | D42: 220 | E42: 浙江尖山新区 | F42: 国内 | G42: 1 | H42: 郑瑞阳 | I42: 董立乔 | J42: 45680 | M42: 45721 | N42: 45741
A43: 33 | B43: 813065~813068 | C43: 125 | D43: 275 | E43: Indonesia Amazon | F43: 出口 | G43: 4 | H43: 李咏梅 | I43: 司林杰 | J43: 45683 | L43: 3D | M43: 45678 | U43: ABB套管不满足印尼标准，要满足的话不满足交货期, ABB套管无法满足0.3g抗震加速度。如要满足需要更改设计不满足交货期
A44: 121 | B44: 850469 | C44: 180 | D44: 220 | E44: 山西临汾郑庄2号 | F44: 国内 | G44: 1 | H44: 高伟廷 | I44: 司林杰 | J44: 45683 | M44: 45681
A45: 21 | B45: 850622 | C45: 150 | D45: 220 | E45: 山西运城桃园2号主变返厂大修 | F45: 国内 | G45: 1 | H45: 戚彬 | I45: 董立乔 | J45: 45695 | M45: 45712 | N45: 45716
A46: 108 | B46: 898866 | C46: NEW | E46: STCL 试验变压器 | F46: 国内 | G46: 1 | H46: 陈振东 | I46: 司林杰 | J46: 45714 | L46: 2D | M46: 45615 | R46: 5
A47: 54 | B47: 812752/812753 | C47: 240 | D47: 220 | E47: 江苏土山 | F47: 国内 | G47: 2 | H47: 毕海宁 | I47: 董立乔 | J47: 45723 | M47: 45763
A48: 61 | B48: 813145-147 | C48: 334 | D48: 500 | E48: 青岛观龙500KV变 | F48: 国内 | G48: 3 | H48: 郑瑞阳 | I48: 司林杰 | J48: 45733 | M48: 45742
A49: 62 | B49: 813130-132 | C49: 334 | D49: 500 | E49: 渤海500KV变 | F49: 国内 | G49: 3 | H49: 郑瑞阳 | I49: 董立乔 | J49: 45743 | M49: 45758
A50: 82 | B50: 813107 | C50: 250 | D50: 275 | E50: Australia CPP Tailem BESS project | F50: 出口 | G50: 1 | H50: 郭运波 | I50: 王芳 | J50: 45746
A51: 122 | B51: 813151-813152 | C51: 180 | D51: 220 | E51: 宁德霞浦海上风电 | F51: 国内 | G51: 2 | H51: 高伟廷 | I51: 董立乔 | J51: 45755 | M51: 45756 | N51: 45833
A52: 123 | B52: 813090-093 | C52: 140 | D52: 230 | E52: 上海电气埃及 Kom Ombo二期500KV光储EPC项目 | F52: 出口 | G52: 4 | H52: 高伟廷 | I52: 司林杰 | J52: 45757 | M52: 45756
A53: 22 | B53: 813125~3126 | C53: 160 | D53: 400 | E53: Romania Saceni | F53: 出口 | G53: 2 | H53: 戚彬 | I53: 王芳 | J53: 45762
A54: 34 | B54: 813081-813087 | C54: 300 | D54: 420 | E54: UAE | F54: 出口 | G54: 6 | H54: 李咏梅 | I54: 司林杰 | J54: 45762 | M54: 45762
A55: 83 | B55: 813037-813045 | C55: 210 | D55: 330 | E55: Australia | F55: 出口 | G55: 8 | H55: 郭运波 | I55: 王芳 | J55: 45768 | U55: 1,,开关于2月10号确定由ABB更换为MR,耽误一个月时间 2,套管最高电压无法满足系统最高电压，套管短路电流无法满足客户要求 3,与客户team会议关闭合同前lop
A56: 109 | B56: 813050~813053 | C56: 150 | D56: 400 | E56: Venezuela project | F56: 出口 | G56: 4 | H56: 陈振东 | I56: 司林杰 | J56: 45774 | M56: 45772 | R56: 1
A57: 51 | B57: 850701 | C57: 280 | D57: 400 | E57: 广西防城港 谭松站 | F57: 国内 | G57: 1 | H57: 李红杰 | I57: 董立乔 | J57: 45784 | M57: 45803 | N57: 45814
A58: 6 | B58: 813108-109 | C58: 160 | D58: 220 | E58: Chile Proyectos renovables Domeyko project | F58: 出口 | G58: 2 | H58: 张金环 | I58: 司林杰 | J58: 45792 | M58: 45787
A59: 35 | B59: 813101-813103 | C59: 120 | D59: 132 | E59: UAE _Transco Haffar | F59: 出口 | G59: 3 | H59: 李咏梅 | I59: 司林杰 | J59: 45792 | M59: 45783
A60: 84 | B60: 813115-813123 | C60: 200 | D60: 400 | E60: Spain REE | F60: 出口 | G60: 9 | H60: 郭运波 | I60: 司林杰 | J60: 45792 | M60: 45793
A61: 110 | B61: 813099-813100 | C61: 160 | D61: 220 | E61: 匈牙利Hungary_PV park Sihalom | F61: 出口 | G61: 2 | H61: 陈振东 | I61: 司林杰 | J61: 45792 | L61: 3D | M61: 45775
A62: 124 | B62: 813097-813098 | C62: 130 | D62: 220 | E62: 秘鲁 Peru _Caraveli | F62: 出口 | G62: 2 | H62: 高伟廷 | I62: 王芳 | J62: 45792
A63: 23 | B63: 813161-813162 | C63: 160 | D63: 400 | E63: Romania Saceni | F63: 出口 | G63: 2 | H63: 戚彬 | I63: 王芳 | J63: 45798
A64: 85 | B64: 813155-813156 | C64: 120MVAr | D64: 500 | E64: Vienam_CPMB_Shunt Reactor | F64: 出口 | G64: 2 | H64: 郭运波 | I64: 董立乔 | J64: 45810 | M64: 45821
A65: 63 | B65: 813175-813177 | C65: 334 | D65: 500 | E65: 山东官亭500千伏变电站 | F65: 国内 | G65: 3 | H65: 郑瑞阳 | I65: 董立乔 | J65: 45812 | M65: 45828
A66: 64 | B66: 813178-813180 | C66: 334 | D66: 500 | E66: 山东济南500千伏主变增容工程 | F66: 国内 | G66: 3 | H66: 郑瑞阳 | I66: 董立乔 | J66: 45814 | M66: 45841
A67: 36 | B67: 813133 | C67: 220 | D67: 154 | E67: Chile PV Gran Teno | F67: 出口 | G67: 1 | H67: 李咏梅 | I67: 王芳 | J67: 45823
A68: 86 | B68: 813157-813158 | C68: 90MVAr | D68: 500 | E68: Vienam_CPMB_Shunt Reactor | F68: 出口 | G68: 2 | H68: 郭运波 | I68: 董立乔 | J68: 45824 | M68: 45800 | N68: 45845
A69: 24 | B69: 813165-813167 | C69: 100 | D69: 400 | E69: Romania_Terpezita | F69: 出口 | G69: 3 | H69: 戚彬 | I69: 王芳 | J69: 45828 | T69: 2025-6-19 更改调压范围
A70: 87 | B70: 813170 | C70: 333 | D70: 500 | E70: Philippines | F70: 出口 | G70: 4 | H70: 郭运波 | I70: 司林杰 | J70: 45828 | M70: 45834
A71: 37 | B71: 813159 | C71: 210 | D71: 550 | E71: 沙特SEC电抗器中变 | F71: 出口 | G71: 1 | H71: 李咏梅 | I71: 董立乔 | J71: 45833
A72: 38 | B72: 813153 | C72: 250 | D72: 220 | E72: Chile | F72: 出口 | G72: 1 | H72: 李咏梅 | I72: 司林杰 | J72: 45835 | M72: 45819 | T72: copy design 812839
A73: 111 | B73: 813095-813096 | C73: 450 | D73: 400 | E73: 葡萄牙REN | F73: 出口 | G73: 3 | H73: 陈振东 | I73: 王芳 | J73: 45838 | M73: 45838
A74: 52 | B74: 813028 | C74: 165 | D74: 330 | E74: Nigeria Brownfield | F74: 出口 | G74: 1 | H74: 李红杰 | I74: 司林杰 | J74: 45842 | M74: 45842
A75: 25 | B75: 813191-813193 | C75: 30MVAr | D75: 230 | E75: 霞浦B区陆上集控站 | F75: 国内 | G75: 2 | H75: 戚彬 | I75: 董立乔 | J75: 45848 | M75: 45848
A76: 39 | B76: 813111~813113 | C76: 280 | D76: 400 | E76: UK_Statera Energy Framework | F76: 出口 | G76: 3 | H76: 李咏梅 | I76: 王芳 | J76: 45848 | M76: 45849 | T76: Same customer as 812955~957
A77: 88 | B77: 813072-813073 | C77: 140 | D77: 400 | E77: Romania | F77: 出口 | G77: 2 | H77: 郭运波 | I77: 司林杰 | J77: 45848 | M77: 45828
A78: 26 | B78: 813168-813169 | C78: 100 | D78: 400 | E78: Romania_Terpezita | F78: 出口 | G78: 2 | H78: 戚彬 | I78: 王芳 | J78: 45853 | T78: 2025-6-19 更改调压范围 2025-07-21 不改了
A79: 7 | B79: 813137 | C79: 80 | D79: 230 | E79: 沙特Aramco Asia备用变项目 | F79: 出口 | G79: 1 | H79: 张金环 | I79: 司林杰 | J79: 45870 | M79: 45879
A80: 65 | B80: 850623 | C80: 120 | D80: 220 | E80: 山西运城临晋3号主变返厂大修 | F80: 国内 | G80: 1 | H80: 郑瑞阳 | I80: 董立乔 | J80: 45874
A81: 40 | B81: 813025-8123027 | C81: 330 | D81: 330 | E81: Nigeria Brownfield | F81: 出口 | G81: 2 3 | H81: 李咏梅 | I81: 司林杰 | J81: 45879 | M81: 45879
A82: 89 | B82: 813181-813182 | C82: 90MVAr | D82: 500 | E82: Vietnam Shunt reactor | F82: 出口 | G82: 2 | H82: 郭运波 | I82: 董立乔 | J82: 45884 | T82: copy design 813157
A83: 112 | B83: 813088 | C83: 520 | D83: 500 | E83: 华勘院深圳汕尾红海湾六海上风电 | F83: 国内 | G83: 1 | H83: 陈振东 | I83: 董立乔 | J83: 45884
A84: 8 | B84: 813138 | C84: 66.7 | D84: 230 | E84: 沙特Aramco Asia备用变项目 | F84: 出口 | G84: 1 | H84: 张金环 | I84: 司林杰 | J84: 45896 | M84: 45899
A85: 41 | B85: 813205-813207 | C85: 100 | D85: 220 | E85: UAE Transco ICAD-N | F85: 出口 | G85: 3 | H85: 李咏梅 | I85: 司林杰 | J85: 45898 | M85: 45894 | T85: similar 812945
A86: 66 | B86: 813215-813217 | C86: 334 | D86: 550 | E86: 潍坊项目 | F86: 国内 | G86: 3 | H86: 郑瑞阳 | I86: 董立乔 | J86: 45898
A87: 53 | B87: 813201 | C87: 460 | D87: 400 | E87: Poland_BC Wind | F87: 出口 | G87: 1 | H87: 李红杰 | I87: 王芳 | J87: 45905
A88: 67 | B88: 813208-813210 | C88: 334 | D88: 550 | E88: 渔盐项目 | F88: 国内 | G88: 3 | H88: 郑瑞阳 | I88: 董立乔 | J88: 45905
A89: 42 | B89: 813160 | C89: 280 | D89: 400 | E89: UK_Statera Energy Framework | F89: 出口 | G89: 1 | H89: 李咏梅 | I89: 王芳 | J89: 45915 | K89: 45884 | T89: 813111一个业主
A90: 43 | B90: 813143 | C90: 60 | D90: 220 | E90: 上海电气马来西亚 | F90: 出口 | G90: 1 | H90: 李咏梅 | I90: 王芳 | J90: 45930
A91: 90 | B91: 813195-813196 | C91: 150 | D91: 225 | E91: Senegal Pole | F91: 出口 | G91: 2 | H91: 郭运波 | I91: 司林杰 | J91: 45940 | M91: 45960
A92: 113 | B92: 813141 | C92: 66 | D92: 230 | E92: 沙特Aramco Asia备用变项目 | F92: 出口 | G92: 1 | H92: 陈振东 | I92: 司林杰 | J92: 45930 | M92: 45945
A93: 130 | B93: 850629 | E93: 武汉道观河主变850629维修 | F93: 国内 | G93: 1 | I93: 司林杰 | J93: 45595 | M93: 45640 | T93: 2024-12-10仪表订单已释放
A94: 9 | B94: 813060/813061 | C94: 120 | D94: 220 | E94: Peru | F94: 出口 | G94: 2 | H94: 张金环 | I94: 司林杰 | J94: 45945 | L94: 2D
A95: 44 | B95: 813240/813241 | C95: 175 | D95: 220 | E95: UAE ADNOC | F95: 出口 | G95: 2 | H95: 李咏梅 | I95: 司林杰 | J95: 45947 | L95: 2D | M95: 45947 | T95: similar 812832
A96: 27 | B96: 813242 | C96: 125 | D96: 400 | E96: Romania_ Vacareni WPP | F96: 出口 | G96: 1 | H96: 戚彬 | I96: 王芳 | J96: 45950 | L96: 2D | T96: copy design 812975
A97: 91 | B97: 8RE011 | C97: 150 | D97: 380 | E97: Saudi Arabia | F97: 出口 | G97: 6 | H97: 郭运波 | I97: 司林杰 | J97: 45955 | L97: 3D | M97: 45951
A98: 28 | B98: 813235/813236 | C98: 100 | D98: 230 | E98: 泰国西门子EPC 台湾 reactor | F98: 出口 | G98: 2 | H98: 戚彬 | I98: 王芳 | J98: 45960 | L98: 3D
A99: 45 | B99: 813197-813198 | C99: 150 | D99: 230 | E99: Canada_SaskPower | F99: 出口 | G99: 2 | H99: 李咏梅 | I99: 王芳 | J99: 45960 | L99: 3D | T99: 客户提供文件多，未分出优先等级，套管ABB改传奇询价信息并未包含客户所有要求
A100: 46 | B100: 813089 | C100: 300 | D100: 420 | E100: UAE | F100: 出口 | G100: 1 | H100: 李咏梅 | I100: 司林杰 | J100: 45960 | M100: 45947
...

Sheet 2026结构设计订单
A1: 2026财年结构设计订单管理
A2: 序号 | B2: 订单号 | C2: 容量 MVA | D2: 电压 Kv | E2: 客户 | F2: 国内/出口 | G2: 台数 | H2: 项目负责人 一次 | I2: 项目负责人 二次 | J2: 一次图纸 提交日期 | K2: 一次图纸 确认日期 | L2: 设计工具 | M2: 二次图纸 提交日期 | N2: 二次图纸 确认日期 | O2: 是否分体 大架子 | P2: 是否试验套管 | Q2: 试验套管型号及 数量，目前套管能具备几台同时试验的条件? | R2: 开关数量 | S2: 焊接箱沿 | U2: 问题汇总 | V2: 详细设计完成状态
A3: 6 | B3: 812845 | C3: 209 | D3: 150 | E3: Belgium | F3: 出口 | G3: 1 | H3: 陈振东 | I3: 司林杰 | J3: 45345 | K3: 45754 | L3: 2D | M3: 45345 | S3: 是 | T3: 低压套管更换
A4: 110 | B4: 812860~812862 | C4: 550 | D4: 330 | E4: Australia WPC, NREP project | F4: 出口 | G4: 2 | H4: 郭运波 | I4: 王芳 | J4: 45404 | M4: 45412 | O4: 是 | R4: 3 | S4: 是 | T4: copy design 812976
A5: 111 | B5: 812947 | C5: 340 | D5: 330 | E5: Australia Wellington BESS | F5: 出口 | G5: 1 | H5: 郭运波 | I5: 王芳 | J5: 45412 | M5: 45412 | T5: copy design 813063
A6: 112 | B6: 812925 | C6: 400 | D6: 400 | E6: Romania Brazi Vest Substation | F6: 出口 | G6: 1 | H6: 郭运波 | I6: 司林杰 | J6: 45436 | M6: 45436 | T6: Ester oil (Midel 7131)
A7: 113 | B7: 812938~812941 | C7: 160 | D7: 132 | E7: UK GLP Project Olympus | F7: 出口 | G7: 3 | H7: 郭运波 | I7: 司林杰 | J7: 45460 | K7: 45583 | L7: 2D | M7: 45454 | N7: 45583 | O7: 是(错层) | P7: 是 | Q7: 4支40.5kV试验套管 | R7: 3 | T7: Ester oil (Midel 7131) repeat order 822807
A8: 114 | B8: 812952/812953 | C8: 140 | D8: 230 | E8: France_Paris_225kV_Data4 project | F8: 出口 | G8: 2 | H8: 郭运波 | I8: 司林杰 | J8: 45483 | K8: 45510 | L8: 2D | M8: 45483 | N8: 45513 | T8: similar812645
A9: 115 | B9: 812963 | C9: 250 | D9: 400 | E9: RO Cornatelu | F9: 出口 | G9: 1 | H9: 郭运波 | I9: 王芳 | J9: 45485 | L9: 2D | M9: 45488 | T9: TADcurrentversion
A10: 96 | B10: 813046~813048 | C10: 334 | D10: 500 | E10: 四川谭家湾500kV主变增容扩建工程 | F10: 国内 | G10: 3 | H10: 郑瑞阳 | I10: 司林杰 | J10: 45493 | L10: 2D | M10: 45504 | T10: 交货期2026
A11: 21 | B11: 812976 | C11: 160 | D11: 400 | E11: RO PV Butimanu | F11: 出口 | G11: 1 | H11: 戚彬 | I11: 王芳 | J11: 45504 | K11: 45537 | L11: 2D | M11: 45519 | N11: 45545 | T11: 其他备注
A12: 92 | B12: 812855/812856 | C12: 240 | D12: 220 | E12: 杭州祝桥 | F12: 国内 | G12: 2 | H12: 邢晓静 | I12: 王芳 | J12: 45513 | L12: 2D | M12: 45523 | T12: 器身导变812520，但外部套管位置镜像
A13: 116 | B13: 812978 | C13: 250 | D13: 400 | E13: Romania Draganesti Olt | F13: 出口 | G13: 1 | H13: 郭运波 | I13: 王芳 | J13: 45522 | K13: 45538 | L13: 2D | M13: 45528 | N13: 45538 | T13: 器身导变812738
A14: 23 | B14: 812975 | C14: 125 | D14: 400 | E14: RO PV Butimanu | F14: 出口 | G14: 1 | H14: 戚彬 | I14: 王芳 | J14: 45532 | K14: 45545 | L14: 2D | M14: 45547 | N14: 45545 | T14: 器身导变812941，但外部套管位置不同
A15: 25 | B15: 812995 | C15: 290 | D15: 132 | E15: Australia _CPP Williamsdale BESS | G15: 1 | H15: 戚彬 | I15: 王芳 | J15: 45547 | L15: 2D | M15: 45559 | T15: 备用变 现场为广州厂产品
A16: 130 | B16: 812846~812848 | C16: 450 | D16: 400 | E16: Portugal Startcampus EHV SS | F16: 出口 | G16: 3 | H16: 陈振东 | I16: 王芳 | J16: 45555 | L16: 3D | M16: 45593 | R16: 1 | T16: 导变812595
A17: 117 | B17: 813006~813015 | C17: 334 | D17: 500 | E17: Philippines TERRA NE 2 Solar Power Project | F17: 出口 | G17: 10 | H17: 郭运波 | I17: 司林杰 | J17: 45571 | L17: 2D | M17: 45595 | S17: 是 | T17: 导变812642， 试验套管完成厂内试验
A18: 118 | B18: 813001~813003 | C18: 150 | D18: 400 | E18: Spain REE reactors | F18: 出口 | G18: 3 | H18: 郭运波 | I18: 司林杰 | J18: 45593 | L18: 2D | M18: 45596 | R18: 无 | T18: 第一台做短路试验
A19: 27 | B19: 813020 | C19: 100 | D19: 400 | E19: Romania Trivalea Mosteni | F19: 出口 | G19: 2 | H19: 戚彬 | I19: 王芳 | J19: 45595 | K19: 45610 | L19: 3D | M19: 45596 | N19: 45610 | T19: 第一台电抗器订单
A20: 2 | B20: 813000 | C20: 170 | D20: 150 | E20: Portugal REN | F20: 出口 | G20: 1 | H20: 张金环 | I20: 司林杰 | J20: 45596 | L20: 3D | M20: 45606 | T20: 错层10米
A21: 141 | B21: 813021/813022 | C21: 200 | D21: 220 | E21: Romania Banca | F21: 出口 | G21: 2 | H21: 高伟廷 | I21: 司林杰 | J21: 45596 | M21: 45615 | N21: 45632 | T21: 错层10.5米
A22: 142 | B22: 813023 | C22: 200 | D22: 231 | E22: RO Calafat | F22: 出口 | G22: 1 | H22: 高伟廷 | I22: 王芳 | J22: 45606 | L22: 2D | M22: 45616
A23: 4 | B23: 813036 | C23: 310 | D23: 220 | E23: 唐山乐亭月坨岛海上风电 | F23: 国内 | G23: 1 | H23: 张金环 | I23: 王芳 | J23: 45610 | L23: 2D | M23: 45616 | O23: 是 | P23: 是 | Q23: 占用3支试验套管 | S23: 是 | U23: 错层高度更改 开关压力释放阀选型 海风冷却方式研发 影响设计进度
A24: 29 | B24: 813016 | C24: 100 | D24: 400 | E24: South Africa_ ESKOM | F24: 出口 | G24: 1 | H24: 戚彬 | I24: 司林杰 | J24: 45616 | L24: 2D | M24: 45635
A25: 94 | B25: 812838 | C25: 334 | D25: 500 | E25: 湖南 | F25: 国内 | G25: 1 | H25: 邢晓静 | I25: 王芳 | J25: 45616 | K25: 45628 | M25: 45644
A26: 131 | B26: 812871~812899 | C26: 83.3 | D26: 400 | E26: Iraq | F26: 出口 | G26: 29 | H26: 陈振东 | I26: 司林杰 | J26: 45616 | L26: 2D | M26: 45648 | R26: 1
A27: 143 | B27: 813017~813019 | C27: 250 | D27: 400 | E27: South Africa_ ESKOM | F27: 出口 | G27: 3 | H27: 高伟廷 | I27: 司林杰 | J27: 45616 | L27: 3D | M27: 45668
A28: 148 | B28: 813035 | C28: 120 | D28: 400 | E28: Mexico Las Glorias | F28: 出口 | G28: 1 | H28: 高伟廷 | I28: 王芳 | J28: 45637 | L28: 2D | M28: 45672
A29: 98 | B29: 850652 | C29: 50 | D29: 110 | E29: 杭州万安 | F29: 国内 | G29: 1 | H29: 郑瑞阳 | I29: 司林杰 | J29: 45641 | L29: 3D | M29: 45672
A30: 132 | B30: 812996/812997 | C30: 250 | D30: 275 | E30: Indonesia Vantage Data Center KL | F30: 出口 | G30: 2 | H30: 陈振东 | I30: 王芳 | J30: 45641 | M30: 45672 | P30: 是 | Q30: 占用3支试验套管 | R30: 1
A31: 119 | B31: 813055~813057 | C31: 250 | D31: 220 | E31: Egypt SCATEC | F31: 出口 | G31: 3 | H31: 郭运波 | I31: 王芳 | J31: 45649 | M31: 45677
A32: 97 | B32: 813075-813077 | C32: 334 | D32: 550 | E32: 湖北军山 | F32: 国内 | G32: 3 | H32: 郑瑞阳 | I32: 司林杰 | J32: 45651 | L32: 3D | M32: 45678
A33: 45 | B33: 813063 | C33: 220 | D33: 154 | E33: Chile PV Gran Teno | F33: 出口 | G33: 1 | H33: 李咏梅 | I33: 王芳 | J33: 45656 | M33: 45680
A34: 79 | B34: 813029~813031 | C34: 300 | D34: 410 | E34: Finland_Kristinestad & Anttila SVC PLUS | F34: 出口 | G34: 3 | H34: 李红杰 | I34: 司林杰 | J34: 45670 | M34: 45681 | U34: ,1，算单评审后offer 更新高压额定电压，电算、结构重新设计 2，客户要求中性点套管耐受3*1N电流，更新套管型号
A35: 133 | B35: 813069/813070 | C35: 300 | D35: 275 | E35: Australia_Supernode Stage 3 Project | F35: 出口 | G35: 2 | H35: 陈振东 | I35: 司林杰 | J35: 45671 | M35: 45709 | P35: 是 | Q35: 占用3支试验套管 | R35: 1 | U35: 器身、引线设计 测绘返修变压器尺寸 设计周期是正常设计2.5倍
A36: 47 | B36: 813005 | C36: 510 | D36: 525 | E36: CA Napanee Simple Cycle | F36: 出口 | G36: 1 | H36: 李咏梅 | I36: 王芳 | J36: 45672 | M36: 45712 | U36: 绝缘水平高于500kV，前期投标没有分辨出来，花费大量时间澄清
A37: 120 | B37: 813058/813059 | C37: 175 | D37: 220 | E37: Egypt SCATEC | F37: 出口 | G37: 2 | H37: 郭运波 | I37: 王芳 | J37: 45672 | M37: 45721
A38: 134 | B38: 813062 | C38: 150 | D38: 220 | E38: Peru SUNNY II Solar Plant | F38: 出口 | G38: 1 | H38: 陈振东 | I38: 王芳 | J38: 45672 | M38: 45742 | R38: 1
A39: 7 | B39: 813079-813080 | C39: 300 | D39: 220 | E39: 广州紫研老挝Laos | F39: 出口 | G39: 2 | H39: 张金环 | I39: 司林杰 | J39: 45680 | K39: 45689 | M39: 45756
A40: 104 | B40: 813071 | C40: 180 | D40: 220 | E40: 浙江尖山新区 | F40: 国内 | G40: 1 | H40: 郑瑞阳 | I40: 董立乔 | J40: 45680 | M40: 45756 | N40: 45741
A41: 49 | B41: 813065~813068 | C41: 125 | D41: 275 | E41: Indonesia Amazon | F41: 出口 | G41: 4 | H41: 李咏梅 | I41: 司林杰 | J41: 45683 | M41: 45758 | U41: ABB套管不满足印尼标准，要满足的话不满足交货期, ABB套管无法满足0.3g抗震加速度。如要满足需要更改设计不满足交货期
A42: 144 | B42: 850469 | C42: 180 | D42: 220 | E42: 山西临汾郑庄2号 | F42: 国内 | G42: 1 | H42: 高伟廷 | I42: 司林杰 | J42: 45683 | L42: 3D | M42: 45762
A43: 31 | B43: 850622 | C43: 150 | D43: 220 | E43: 山西运城桃园2号主变返厂大修 | F43: 国内 | G43: 1 | H43: 戚彬 | I43: 董立乔 | J43: 45695 | M43: 45763 | N43: 45716
A44: 135 | B44: 898866 | C44: NEW | E44: STCL 试验变压器 | F44: 国内 | G44: 1 | H44: 陈振东 | I44: 司林杰 | J44: 45714 | M44: 45772 | R44: 5
A45: 90 | B45: 812752/812753 | C45: 240 | D45: 220 | E45: 江苏土山 | F45: 国内 | G45: 2 | H45: 毕海宁 | I45: 董立乔 | J45: 45723 | L45: 3D | M45: 45775
A46: 103 | B46: 813145-147 | C46: 334 | D46: 500 | E46: 青岛观龙500KV变 | F46: 国内 | G46: 3 | H46: 郑瑞阳 | I46: 司林杰 | J46: 45733 | L46: 3D | M46: 45783
A47: 104 | B47: 813130-132 | C47: 334 | D47: 500 | E47: 渤海500KV变 | F47: 国内 | G47: 3 | H47: 郑瑞阳 | I47: 董立乔 | J47: 45743 | M47: 45787
A48: 121 | B48: 813107 | C48: 250 | D48: 275 | E48: Australia CPP Tailem BESS project | F48: 出口 | G48: 1 | H48: 郭运波 | I48: 王芳 | J48: 45746 | M48: 45793
A49: 145 | B49: 813151-813152 | C49: 180 | D49: 220 | E49: 宁德霞浦海上风电 | F49: 国内 | G49: 2 | H49: 高伟廷 | I49: 董立乔 | J49: 45755 | M49: 45800 | N49: 45833
A50: 146 | B50: 813090-093 | C50: 140 | D50: 230 | E50: 上海电气埃及 Kom Ombo二期500KV光储EPC项目 | F50: 出口 | G50: 4 | H50: 高伟廷 | I50: 司林杰 | J50: 45757 | M50: 45803
A51: 32 | B51: 813125~3126 | C51: 160 | D51: 400 | E51: Romania Saceni | F51: 出口 | G51: 2 | H51: 戚彬 | I51: 王芳 | J51: 45762 | M51: 45819
A52: 51 | B52: 813081-813087 | C52: 300 | D52: 420 | E52: UAE | F52: 出口 | G52: 6 | H52: 李咏梅 | I52: 司林杰 | J52: 45762 | M52: 45821
A53: 122 | B53: 813037-813045 | C53: 210 | D53: 330 | E53: Australia | F53: 出口 | G53: 8 | H53: 郭运波 | I53: 王芳 | J53: 45768 | M53: 45828 | U53: 1,,开关于2月10号确定由ABB更换为MR,耽误一个月时间 2,套管最高电压无法满足系统最高电压，套管短路电流无法满足客户要求 3,与客户team会议关闭合同前lop
A54: 136 | B54: 813050~813053 | C54: 150 | D54: 400 | E54: Venezuela project | F54: 出口 | G54: 4 | H54: 陈振东 | I54: 司林杰 | J54: 45774 | M54: 45828 | R54: 1
A55: 82 | B55: 850701 | C55: 280 | D55: 400 | E55: 广西防城港 谭松站 | F55: 国内 | G55: 1 | H55: 李红杰 | I55: 董立乔 | J55: 45784 | M55: 45834 | N55: 45814
A56: 9 | B56: 813108-109 | C56: 160 | D56: 220 | E56: Chile Proyectos renovables Domeyko project | F56: 出口 | G56: 2 | H56: 张金环 | I56: 司林杰 | J56: 45792 | M56: 45838 | V56: close
A57: 53 | B57: 813101-813103 | C57: 120 | D57: 132 | E57: UAE _Transco Haffar | F57: 出口 | G57: 3 | H57: 李咏梅 | I57: 司林杰 | J57: 45792 | M57: 45841
A58: 123 | B58: 813115-813123 | C58: 200 | D58: 400 | E58: Spain REE | F58: 出口 | G58: 9 | H58: 郭运波 | I58: 司林杰 | J58: 45792 | M58: 45842
A59: 137 | B59: 813099-813100 | C59: 160 | D59: 220 | E59: 匈牙利Hungary_PV park Sihalom | F59: 出口 | G59: 2 | H59: 陈振东 | I59: 司林杰 | J59: 45792 | M59: 45848
A60: 147 | B60: 813097-813098 | C60: 130 | D60: 220 | E60: 秘鲁 Peru _Caraveli | F60: 出口 | G60: 2 | H60: 高伟廷 | I60: 王芳 | J60: 45792 | L60: 3D | M60: 45849
A61: 34 | B61: 813161-813162 | C61: 160 | D61: 400 | E61: Romania Saceni | F61: 出口 | G61: 2 | H61: 戚彬 | I61: 王芳 | J61: 45798 | M61: 45876
A62: 124 | B62: 813155-813156 | C62: 120MVAr | D62: 500 | E62: Vienam_CPMB_Shunt Reactor | F62: 出口 | G62: 2 | H62: 郭运波 | I62: 董立乔 | J62: 45810 | M62: 45879
A63: 105 | B63: 813175-813177 | C63: 334 | D63: 500 | E63: 山东官亭500千伏变电站 | F63: 国内 | G63: 3 | H63: 郑瑞阳 | I63: 董立乔 | J63: 45812 | L63: 3D | M63: 45894
A64: 106 | B64: 813178-813180 | C64: 334 | D64: 500 | E64: 山东济南500千伏主变增容工程 | F64: 国内 | G64: 3 | H64: 郑瑞阳 | I64: 董立乔 | J64: 45814 | L64: 2D | M64: 45941
A65: 55 | B65: 813133 | C65: 220 | D65: 154 | E65: Chile PV Gran Teno | F65: 出口 | G65: 1 | H65: 李咏梅 | I65: 王芳 | J65: 45823 | L65: 3D | M65: 45944
A66: 151 | B66: 813290 | C66: 100MVAr | D66: 220 | E66: Spain REE /SE San Fost | F66: 出口 | G66: 1 | H66: 郭运波 | I66: 司林杰 | J66: 45823 | L66: 3D | M66: 45944
A67: 125 | B67: 813157-813158 | C67: 90MVAr | D67: 500 | E67: Vienam_CPMB_Shunt Reactor | F67: 出口 | G67: 2 | H67: 郭运波 | I67: 董立乔 | J67: 45824 | L67: 3D | M67: 45944 | N67: 45845
A68: 36 | B68: 813165-813167 | C68: 100 | D68: 400 | E68: Romania_Terpezita | F68: 出口 | G68: 3 | H68: 戚彬 | I68: 王芳 | J68: 45828 | L68: 3D | M68: 45947 | T68: 2025-6-19 更改调压范围
A69: 126 | B69: 813170 | C69: 333 | D69: 500 | E69: Philippines | F69: 出口 | G69: 4 | H69: 郭运波 | I69: 司林杰 | J69: 45828 | L69: 3D | M69: 45947
A70: 57 | B70: 813159 | C70: 210 | D70: 550 | E70: 沙特SEC电抗器中变 | F70: 出口 | G70: 1 | H70: 李咏梅 | I70: 董立乔 | J70: 45833 | L70: 3D | M70: 45960
A71: 59 | B71: 813153 | C71: 250 | D71: 220 | E71: Chile | F71: 出口 | G71: 1 | H71: 李咏梅 | I71: 司林杰 | J71: 45835 | L71: 3D | M71: 45989 | T71: copy design 812839
A72: 138 | B72: 813095-813096 | C72: 450 | D72: 400 | E72: 葡萄牙REN | F72: 出口 | G72: 3 | H72: 陈振东 | I72: 王芳 | J72: 45838 | L72: 3D | M72: 46001
A73: 85 | B73: 813028 | C73: 165 | D73: 330 | E73: Nigeria Brownfield | F73: 出口 | G73: 1 | H73: 李红杰 | I73: 司林杰 | J73: 45842 | L73: 3D | M73: 46001
A74: 37 | B74: 813191-813193 | C74: 30MVAr | D74: 230 | E74: 霞浦B区陆上集控站 | F74: 国内 | G74: 2 | H74: 戚彬 | I74: 董立乔 | J74: 45848 | L74: 3D | M74: 46001
A75: 61 | B75: 813111~813113 | C75: 280 | D75: 400 | E75: UK_Statera Energy Framework | F75: 出口 | G75: 3 | H75: 李咏梅 | I75: 王芳 | J75: 45848 | L75: 3D | M75: 46022 | T75: Same customer as 812955~957
A76: 127 | B76: 813072-813073 | C76: 140 | D76: 400 | E76: Romania | F76: 出口 | G76: 2 | H76: 郭运波 | I76: 司林杰 | J76: 45848 | L76: 3D | M76: 46043 | V76: on going
A77: 39 | B77: 813168-813169 | C77: 100 | D77: 400 | E77: Romania_Terpezita | F77: 出口 | G77: 2 | H77: 戚彬 | I77: 王芳 | J77: 45853 | L77: 3D | M77: 46043 | T77: 2025-6-19 更改调压范围 2025-07-21 不改了
A78: 107 | B78: 850623 | C78: 120 | D78: 220 | E78: 山西运城临晋3号主变返厂大修 | F78: 国内 | G78: 1 | H78: 郑瑞阳 | I78: 董立乔 | J78: 45874 | L78: 3D | M78: 46043
A79: 48 | B79: 813025 | C79: 330 | D79: 330 | E79: Nigeria Brownfield | F79: 出口 | G79: 1 | H79: 李咏梅 | I79: 司林杰 | J79: 45876 | M79: 46044
A80: 63 | B80: 813025-8123027 | C80: 330 | D80: 330 | E80: Nigeria Brownfield | F80: 出口 | G80: 2 3 | H80: 李咏梅 | I80: 司林杰 | J80: 45879 | M80: 46048
A81: 128 | B81: 813181-813182 | C81: 90MVAr | D81: 500 | E81: Vietnam Shunt reactor | F81: 出口 | G81: 2 | H81: 郭运波 | I81: 董立乔 | J81: 45884 | M81: 46052 | T81: copy design 813157
A82: 139 | B82: 813088 | C82: 520 | D82: 500 | E82: 华勘院深圳汕尾红海湾六海上风电 | F82: 国内 | G82: 1 | H82: 陈振东 | I82: 董立乔 | J82: 45884 | L82: 3D | M82: 46052
A83: 65 | B83: 813205-813207 | C83: 100 | D83: 220 | E83: UAE Transco ICAD-N | F83: 出口 | G83: 3 | H83: 李咏梅 | I83: 司林杰 | J83: 45898 | L83: 3D | M83: 46052 | T83: similar 812945
A84: 108 | B84: 813215-813217 | C84: 334 | D84: 550 | E84: 潍坊项目 | F84: 国内 | G84: 3 | H84: 郑瑞阳 | I84: 董立乔 | J84: 45898 | L84: 3D | M84: 46052
A85: 88 | B85: 813201 | C85: 460 | D85: 400 | E85: Poland_BC Wind | F85: 出口 | G85: 1 | H85: 李红杰 | I85: 王芳 | J85: 45905 | M85: 46067
A86: 109 | B86: 813208-813210 | C86: 334 | D86: 550 | E86: 渔盐项目 | F86: 国内 | G86: 3 | H86: 郑瑞阳 | I86: 董立乔 | J86: 45905 | L86: 3D | M86: 46097
A87: 67 | B87: 813160 | C87: 280 | D87: 400 | E87: UK_Statera Energy Framework | F87: 出口 | G87: 1 | H87: 李咏梅 | I87: 王芳 | J87: 45915 | K87: 45884 | L87: 3D | M87: 46100 | T87: 813111一个业主
A88: 1 | B88: 813060/813061 | C88: 120 | D88: 220 | E88: Peru | F88: 出口 | G88: 2 | H88: 张金环 | I88: 司林杰 | J88: 45938 | L88: 3D | M88: 46100
A89: 129 | B89: 813195-813196 | C89: 150 | D89: 225 | E89: Senegal Pole | F89: 出口 | G89: 2 | H89: 郭运波 | I89: 司林杰 | J89: 45940 | M89: 46101
A90: 3 | B90: 813240/813241 | C90: 175 | D90: 220 | E90: UAE ADNOC | F90: 出口 | G90: 2 | H90: 李咏梅 | I90: 司林杰 | J90: 45947 | M90: 46101 | T90: similar 812832
A91: 5 | B91: 813242 | C91: 125 | D91: 400 | E91: Romania_ Vacareni WPP | F91: 出口 | G91: 1 | H91: 戚彬 | I91: 王芳 | J91: 45950 | M91: 46111 | T91: copy design 812975
A92: 66 | B92: 8RE011 | C92: 150 | D92: 380 | E92: Saudi Arabia | F92: 出口 | G92: 6 | H92: 郭运波 | I92: 司林杰 | J92: 45950 | M92: 46132
A93: 12 | B93: 813089 | C93: 300 | D93: 420 | E93: UAE | F93: 出口 | G93: 1 | H93: 李咏梅 | I93: 司林杰 | J93: 45960 | M93: 46142
A94: 68 | B94: 8RE012 | C94: 150 | D94: 380 | E94: Saudi Arabia | F94: 出口 | G94: 6 | H94: 郭运波 | I94: 司林杰 | J94: 45960 | M94: 46154
A95: 10 | B95: 813197-813198 | C95: 150 | D95: 230 | E95: Canada_SaskPower | F95: 出口 | G95: 2 | H95: 李咏梅 | I95: 王芳 | J95: 45975 | M95: 46157 | T95: 客户提供文件多，未分出优先等级，套管ABB改传奇询价信息并未包含客户所有要求
A96: 15 | B96: 813219 | C96: 180 | D96: 330 | E96: Australia_CPP | F96: 出口 | G96: 1 | H96: 张金环 | I96: 董立乔 | J96: 45976 | L96: 3D | M96: 46157
A97: 70 | B97: 8RE013 | C97: 150 | D97: 380 | E97: Saudi Arabia | F97: 出口 | G97: 6 | H97: 郭运波 | I97: 司林杰 | J97: 45981 | M97: 46157
A98: 52 | B98: 850737 | C98: 180 | D98: 220 | E98: 山西大同 | F98: 国内 | G98: 1 | H98: 郑瑞阳 | I98: 董立乔 | J98: 45987 | M98: 46162
A99: 41 | B99: 813183 | C99: 250 | D99: 220 | E99: Western Power project | F99: 出口 | G99: 1 | H99: 郭运波 | I99: 司林杰 | J99: 45989 | M99: 46162 | T99: copy design 812870
A100: 17 | B100: 813202 | C100: 175 | D100: 138 | E100: Canada_Irvng Pulp and Paper | F100: 出口 | G100: 1 | H100: 李咏梅 | I100: 王芳 | J100: 45991 | M100: 46177
...

Sheet 问题汇总
B3: 内容 | C3: 2 | D3: 输入日期 | E3: 订单号 | F3: 问题描述 | G3: 行动计划 | H3: 一次技术负责人 | I3: 二次技术负责人 | J3: 负责人 | K3: 要求完成日期 | L3: 实际完成日期 | M3: 完成状态 | N3: 额外时间
C4: 13
B5: 影响设计 | C5: 1 | D5: 45976 | E5: 812645 | F5: MR开关实物与提供的图纸不符 | G5: 1-调整引线设计 2 | M5: close | N5: 8
B6: 影响设计 | C6: 14 | D6: 45977 | E6: 813016 | F6: 油位计带槽，与供货商提供的图纸不一致 | G6: 1-将油枕侧法兰改为不带槽 | M6: close | N6: 2
B7: 影响设计 | C7: 4 | D7: 45978 | E7: 850620 | F7: 测绘尺寸不对，窗高测成了上下夹件间距 | G7: 重新设计 | M7: close | N7: 67.5
B8: 影响设计 | C8: 5 | D8: 45978 | E8: 813069 | F8: 客户要求更改相序，仍未最终确定，一旦更改，结构将重新设计 | M8: close
B9: 影响设计 | C9: 6 | D9: 45978 | E9: 813175 | F9: 电算将调压线圈线规设计错误，讨论结构更改内容后不再更改 | M9: close | N9: 8
B10: 影响设计 | C10: 7 | D10: 45978 | E10: 813115 | F10: Hitach套管到不了货，需要临时套管做试验 | M10: close
B11: 影响设计 | C11: 8 | D11: 45979 | E11: 813016 | F11: 智达套管无法按时到货，讨论临时套管试验方案 | M11: close | N11: 6
B12: 影响设计 | C12: 9 | D12: 45980 | E12: 812855 | F12: MR提供的开关瓦斯继电器与自己的图纸不符，设计出处理方案 | M12: close | N12: 3
B13: 影响设计 | C13: 10 | D13: 45981 | E13: 812178/813215 | F13: 图纸未确认，投产后客户提出更改控制柜位置，油箱、箱盖更改 | M13: close | N13: 8
B14: 影响设计 | C14: 11 | D14: 45980 | E14: 813205-813207 | F14: copy design EPC对附件的每份图纸都给出很多意见 需要逐条回复 | G14: 客户确认一次、二次图纸 | H14: 李咏梅 | I14: 司林杰 | J14: 周坤 | K14: 12月15号 | M14: close | N14: 8
B15: 订单相关 | C15: 15 | D15: 45982 | E15: 813081 | F15: 2025-4月份第一次提图，至今未确认 客户返回开关意见(2025-12-1) | G15: 客户确认一次、二次图纸 有取消订单的可能 PM 组织MR及客户开会沟通-已沟通 PM 可以展开详细设计 PM 将项目更改事项对应更新checklist | H15: 李咏梅 | I15: 司林杰 | J15: 周骞 | K15: 45989 | L15: 45992 | M15: close
B16: 订单相关 | C16: 16 | D16: 45982 | E16: 813037 | F16: 客户提供新的抗震要求，HSP原设计图纸不满足客户新要求 | G16: 1-PM尝试说服客户接受原HSP套管 2-HSP提供满足要求的套管图纸、套管材质及抗震报告(影响成本及交期)-2025-12-09 项目经理确认HSP套管满足抗震要求，此项关闭 3- PM考虑是否可以换成沈阳传奇的套管 4-客户找HSP讨论，公司可以先用现套管做试验 | H16: 郭运波 | I16: NA | J16: 黄丹慧 | K16: 45989 | L16: 46000 | M16: close | N16: 8
B17: 订单相关 | C17: 17 | D17: 45980 | E17: 813006/813170/812645 | F17: 智达提供的套管图纸813006，813170，812645尾部均压球尺寸做的不一样，以后能否改成统一的 | G17: 1- 李咏梅负责推进套管尾部结构的标准化 2- 结构设计将标准化套管提交给offer部门 3- 11/28已书面通知智达，标准均压球尺寸 4- 考虑作为标准化套管 | H17: 郭运波 | I17: NA | J17: 李咏梅 | K17: 46022 | L17: 46019 | M17: close | N17: 8
B18: 订单相关 | C18: 18 | D18: 45982 | E18: 8RE061 | F18: 客户有更改绝缘水平至LI 650/275的可能，要尽快确定，以免事后更改 | G18: 11月25号林利润确定是否提高绝缘水平，如果要改，电算重新设计，图纸重新提交 12/1 PM通知不再更改绝缘水平 | H18: 郭运波 | I18: 司林杰 | J18: 林利润 | K18: 45986 | L18: 45992 | M18: close
B19: 订单相关 | C19: 19 | D19: 45985 | E19: 813111/813160 | F19: 1)一次图纸、二次图纸未确认(2025-10-24提供修改版) 2)11/28 客户提出要更改CT参数，未收到具体参数要求（2025-12-5日确认CT 参数） 3) 813111控制柜已开始生产，客户未确认端子 | G19: 客户确认一次、二次图纸 PM-端子部分还需继续澄清，影响端子箱交货期 PM继续催客户确认图纸+1 一二次图纸确认，端子按我司方案 | H19: 李咏梅 | I19: 王芳 | J19: 张勇 | K19: 46006 | L19: 46006 | M19: close | N19: 16
B20: 订单相关 | C20: 20 | D20: 45985 | E20: 813143 | F20: 1)一次图纸、二次图纸未确认(11月12号提供修改版，客户答应一周后确认图纸，二次信号没有提供全，设计等待中) 2) 开关图纸需要按客户意见更改，至今未收到MR图纸 | G20: 1-客户确认一次图纸 2-二次信号全部提供(12/1，二次信号已提供) 3-PM答应详设继续(12/1) 4-采购催MR提交图纸 5-PM 催客户确认二次图纸, 6.施乐百风机数量及噪音问题，噪音只有1dBA的裕度，需提前通知试验室注意。 7.开关MR通知要把电动机构改为ED,进一步落实。2026-1-3日确认更改为ED 8.MR 提供更改ED 后的图纸 采购+1W+2W, 2026-01-19 提供图纸 9.2026-01-19 重新更新一次二次图纸，发客户确认 10,.2026-02-02 客户已确认 | H20: 李咏梅 | I20: 王芳 | J20: 庄琰 | K20: 45980 | M20: close
B21: 订单相关 | C21: 21 | D21: 45985 | E21: 813115 | F21: Hitach套管到不了货，需要临时套管做试验 | G21: 1- 是否只有高压和中压套管无法到货？ 低压和中性点的COMEN套管能按时到货。 2-几台变压器需要做试验布置？ 3-库存套管列表里的是否都能选用？ 4-由于原高压引线用的ABB套管自带均压球， 与试验套管尾部不同，所以需要重做一套高压引线 目前看满足交期，后续需要跟踪 | H21: 郭运波 | I21: NA | J21: 史乾坤 | K21: 45995 | M21: close
B22: 订单相关 | C22: 22 | D22: 45985 | E22: 822947 | F22: 算单更新，更新订单号。重新检查并进行设计 | G22: 原812947订单文件是否重新出具？ 可以在CSL822947中引用C812947-14BU02 | H22: 郭运波 | I22: NA | J22: 黄丹慧 | K22: 45994 | L22: 45994 | M22: close
B23: 订单相关 | C23: 23 | D23: 45992 | E23: 813197 | F23: 1) ABB 气体继电器资料不全 2) Weschler advantage 在线监测资料不全 | G23: 催供货商提供设计所需资料 | H23: NA | I23: 王芳 | J23: 徐海梅 | K23: 45996 | L23: 45996 | M23: close
B24: 订单相关 | C24: 24 | D24: 45992 | E24: 813245 | F24: 1)一次图纸提交后，根据客户要求改版两次，至今未确认 2)二次图纸11/28提交 3）MR未提交开关图纸 4)设计院额外要求提供计算机电缆, | G24: 1- PM催客户尽快确认图纸+1 2-采购催MR尽快提交开关二次图纸-close 3,PM确认要什么型号电缆 4.一次已经确认，二次稍有意见，可以往下进行 2026-04-13 设计院提落地供控制柜位置，核实发货电缆长度，2026-05-11已确认 | H24: 郑瑞阳 | I24: 董立乔 | J24: 周坤 | K24: 46006 | L24: 46006 | M24: Close
B25: 订单相关 | C25: 25 | D25: 45992 | E25: 813242 | F25: 1) 一次、二次图纸未确认(10月17号提交) | G25: 1-PM催客户确认图纸 | H25: 戚彬 | I25: 王芳 | J25: 庄琰 | K25: 46006 | L25: 46006 | M25: close
B26: 订单相关 | C26: 26 | D26: 45992 | E26: 813133/813153 | F26: 1) 一次、二次图纸未确认(6月15号提交) | G26: 1-PM催客户确认图纸(PM答应不用等客户确认) | H26: 李咏梅 | I26: 王芳 | J26: 林利润 | K26: 45992 | L26: 45992 | M26: close
B27: 订单相关 | C27: 27 | D27: 45992 | E27: 813025 | F27: 1) 一次二次图纸未确认(8月份提图) | G27: 1-PM 通知一次图纸确认，但是客户后续增加SEGRI 充氮灭火 2-PM通知确认二次图纸 2025-12-09确认 | H27: 李咏梅 | I27: 司林杰 | J27: 周骞 | K27: 46006 | L27: 46006 | M27: close
B28: 订单相关 | C28: 28 | D28: 45992 | E28: 813028 | F28: 1) 一次二次图纸未确认(8月份提图) | G28: 1-PM 通知一次图纸确认，但是客户后续增加SEGRI 充氮灭火 2-PM催客户确认二次图纸 2025-12-09确认 | H28: 李咏梅 | I28: 司林杰 | J28: 周骞 | K28: 46006 | L28: 46006 | M28: close
B29: 订单相关 | C29: 29 | D29: 45992 | E29: 813201 | F29: 1) 一次二次图纸未确认(9月份提图) | G29: 1-PM 确认图纸 | H29: 李红杰 | I29: 王芳 | J29: 黄丹慧 | K29: 46006 | L29: 46006 | M29: close
B30: 订单相关 | C30: 30 | D30: 45999 | E30: 813060 | F30: MR开关二次2025-10-28日图纸意见 | G30: 1, 采购催MR尽快回复开关二次图纸意见及图纸更新 | H30: 张金环 | I30: 司林杰 | J30: 徐海梅 | K30: 46006 | L30: 46006 | M30: close
B31: 订单相关 | C31: 31 | D31: 45999 | E31: 813170 | F31: MR 开关是否提供开关 在线检测平柜 | G31: 1，MR 说服当地客户不提供， 2025-12-15 最新意见：就目前技术 MR在菲律宾寻求新的解决方案 2025-12-22 MR 直接与现场客户确认技术接口，等待MR 报价 2,PM 跟进此问题进程 避免影响项目进行 3. 等待客户意见（是否接受MR的方案） 4, 2026-01-05 客户召集MR开会讨论具体方案 5,2026-01-12 客户确认MR不再负责在线监测远方控制方案，改为DGA （锐开）负责，采购进行询价 并提供图纸 6,2026-01-18 已提供检测图纸，PM发给客户确认 7,2026-01-18 三相电400V改为230V ，影响风机、油泵、开关、二次控制箱，项目经理 确认是否坚持更改，影响太大，PM 2026-1-21号之前答复 8.2026-01-26 PM 确认电源无需更改继续进行 9.2026-01-26 采购催更改MR图纸 | H31: 郭运波 | I31: 司林杰 | J31: 徐海梅/周坤 | K31: 46006 | M31: close
B32: 订单相关 | C32: 32 | D32: 46002 | E32: 813101 | F32: 客户未提供高压电缆终端图纸，影响高压母线箱设计 | G32: PM 催客户提供 电缆终端图纸+1 +2 2026-01-05 PM 沟通升级 通知UAE+1 2026-01-13 客户邮件确认按照标准执行 | H32: 李咏梅 | I32: NA | J32: 张勇 | K32: 46006 | L32: 46035 | M32: close
B33: 订单相关 | C33: 33 | D33: 46006 | E33: 813193 | F33: 1,ABB 套管 变压器测带油罐 2,ABB 国内不生产34.5/13.8kV低压套管 | G33: 1,PM: ABB 套管图纸发给客户确认 2.PM: 72.5kV 代替34.5/13.8kV 套管图纸发给客户确认+1W+2W 3.2026-01-05 ：PM 沟通升级 通知菲律宾 4. 2026-01-12：PM+3W 5. 2026-01-18 套管按照72.5kV下发采购订单，PM需要评估以大代小的风险,PM 2026-01-23之前回复， 6.2026-01-26 PM 继续催促客户确认 7.2026-02-02 PM 继续催促客户确认+1 （采购已经12月份出采购订单） 8,2026-02-09 客户不同意以大代小方案，PM 与客户沟通能否更改套管厂家，PM 联系offer 报价时如何与客户沟通的套管信息 9.2026-03-02 PM需继续催客户同意(计划2026-3-4日与客户开会确认) 10. 2026-03-09 客户口头接受以大代小，等书面正式回复 11. 2026-03-16 客户确认 12.2026-04-13 二次需要确认 仪表要求发订单 2026-04-27二次需要确认 仪表要求发订单+2 2026-05-11确认。 2026-06-12 低压平衡高压中性点共7支套管 客户推翻以大代小，结构设计已经完成，请PM协助尽快确认套管厂家；结构设计重新询图 2026-6-22 PM继续催 2026-06-29 PM 周会信息客户推荐美国ABB 套管，需要PM继续跟进 2026-07-06 PM 周会信息客户推荐美国ABB 套管，需要PM继续跟进 +1 2026-07-13 PM 周会信息客户推荐美国ABB 套管，需要PM继续跟进 +2 2026-07-20 PM 客户确认使用美国ABB 套管，交货期24周？结构设计Review 套管技术资料 尽早下单@老陈；PM review 成本和交货期是否满足要求 2027-07-27 客户确认套管厂家，结构设计下发新的设计订单，详细设更改工作量很大需要八月份重新进入安排进入设计计划 2027-08-03 采购核实美国产ABB 套管 是否影响交期 2027-08-10 PM 林总建议暂时不做详细设计更改，等地美国产ABB 套管交期确认 ;ABB 套管当前报价32周； | H33: 陈振东 | I33: 董立乔 | J33: 周坤 | K33: 46021 | M33: on going
B34: 订单相关 | C34: 39 | D34: 46034 | E34: 812925 | F34: 试验套管数量不够 | G34: 1,2026-01-12:使用4支 252kV 和新库存套管做试验套管， PM确认试验套管是否其他项目使用冲突 2, 2026-01-18 客户不接受试验套管 3,2026-01-26 PM 林与客户再次沟通 4.2026-02-02 PM 与客户沟通 用传奇套管替代HSP供货 5.2026-02-09 客户不同意替代套管电流1250A 代替1600A,采购协助联系传奇能否更改桃套管图纸 6. 2026-03-02 客户不同意传奇套管方案，需要采购继续催HSP交期 7.2026-03-09 确认等原套管做试验，此项目从设计移除。请相关部门关注 | H34: 郭运波 | I34: NA | J34: 周骞 | K34: 1/19/2026 2026-01-31 | L34: 46040 | M34: close
B35: 订单相关 | C35: 35 | D35: 46006 | E35: 813225 | F35: OTI/WTI 大连世友仪表价格超报价，和其光电报价满足技术要求 | G35: 1,PM 说服客户采用和其光电方案，PM已确认和其广电 2, offer 关注客户技术要求 3.,客户接受，方案可行。 | H35: NA | I35: 司林杰 | J35: 邓亮 | K35: 46021 | L35: 46021 | M35: close
B36: 订单相关 | C36: 36 | D36: 46013 | E36: 850620 | F36: 没有开关继电器和压力释放阀接线图，端子箱预留信号，能否现场接线 | G36: 1，PM 确认方案是否可行 2客户接受，方案可行。 | H36: NA | I36: 董立乔 | J36: 庄琰 | K36: 46021 | L36: 46021 | M36: close
B37: 订单相关 | C37: 35 | D37: 46027 | E37: 813095/96 | F37: 试验套管数量不够 | G37: 1,2026-01-05 各部门会议讨论执行方案 2, 2026-01-12 close | H37: 陈振东 | I37: NA | J37: 史乾坤 | K37: 46028 | L37: 46038 | M37: close
B38: 订单相关 | C38: 36 | D38: 46027 | E38: 813025-813028 | F38: 高压套管该电压等级 2026-01-18 确认高压套管550kV 改420kV | G38: 1, 2026-01-05: PM催客户确认方案 2, 2026-01-12: PM催客户确认方案+1w 3, 2026-01-18 采购和 PM 确认 已经采购的550kV套管使用到其他项目 4,2026-01-18 PM 催客户提供420kV套管新的供应商 5,2026-01-18 采购 与传奇沟通是否能够生产该绝缘水平的420kV 套管， 6.2026-01-26 SE 再次与客户沟通原套管（只改电气参数）的可行性 7.2026-02-02 采购协助催传奇改图纸，PM 继续与客户沟通 8.2026-02-09 PM 反馈2026-02-11 客户给答复 9. 2026-03-02：客户已于2026-02-25 确认 | H38: 李咏梅 | I38: NA | J38: 周骞/丁睿 | K38: 46034 | M38: close
B39: 订单相关 | C39: 37 | D39: 46027 | E39: 沙特电抗器 | F39: 沙特电抗器6套提图日期太紧迫 | G39: 1,2026-01-05:PM要求2026-01-15日之前提供6套图纸 2,2026-01-05:TPM 今天按照当前进度提供合理提图日期发给项目经理与客户沟通 3,2026-01-12:最后确认2026-1-31之前提供所有图纸 4,2026-01-12:套管需要提前采购 PM 需执行特殊流程审批 | H39: 郭运波 | I39: 司林杰 | J39: 林林润 | K39: 46034 | L39: 46040 | M39: close
B40: 订单相关 | C40: 38 | D40: 46027 | E40: 813279/813280 | F40: 马来西亚脂油 提图 | G40: 1,2026-01-05：结构设计2026-01-14 提供一次二次图纸 （陈/王芳） | H40: 陈振东 | I40: 王芳 | J40: 周骞 | K40: 46036 | L40: 46040 | M40: close
B41: 订单相关 | C41: 40 | D41: 46034 | E41: 813208 | F41: 一次二次图纸确认 | G41: 2026-01-12： 一次二次图纸确认 2026-01-18：PM 与客户联系年前确认图纸 2026-03-02 客户已于2026-02-12确认图纸 2026-04-13 设计院提落地供控制柜位置，核实发货电缆长度 | H41: 郑瑞阳 | I41: 董立乔 | J41: 庄琰 | K41: 46052 | M41: close
B42: 订单相关 | C42: 41 | D42: 46034 | E42: 813211 | F42: 一次二次图纸确认 | G42: 2026-01-12： 一次二次图纸确认 2026-01-18：低压套管高度更改 ，结构设计更新图纸 发客户确认 2026-01-26 PM 与客户确认 低压套管高度无法降低 2026-02-02 PM 继续联系客户确认 2026-02-09 一次图纸确认，PM 继续催客户确认二次图纸 2026-03-02 客户承诺2026-3-2日给二次确认 2026-03-09 客户已反馈二次意见，03-12更新后提交 2026-03-16 客户已确认二次图纸 2026-04-13 设计院提落地供控制柜位置，核实发货电缆长度 2026-04-27 close | H42: 郑瑞阳 | I42: 董立乔 | J42: 黄丹慧 | K42: 46052 | M42: close
B43: 订单相关 | C43: 42 | D43: 46034 | E43: 813258 | F43: 一次二次图纸确认 | G43: 2026-01-12： 一次二次图纸确认 2026-01-18：PM 与客户联系年前确认一次图纸 2026-01-26：PM 与客户联系年前确认一次图纸 2026-02-02 PM 继续联系客户确认 2026-02-09 PM 继续联系客户确认 2026-03-02 客户于2026-02-12 外形图确认 | H43: 郑瑞阳 | I43: 王芳 | J43: 史乾坤 | K43: 46052 | M43: close
B44: 订单相关 | C44: 44 | D44: 46040 | E44: 813220 | F44: 客户提供CT 参数 | G44: 2026-01-18 PM 催客户提供CT 参数 ，套管已经发技术订单 2026-01-26：PM 继续催客户提供参数 2026-02-02 PM 继续联系客户确认 2026-02-09 PM 继续联系客户确认 2026-03-02 接PM通知，此项目暂停 | H44: 张金环 | I44: 司林杰 | J44: 史乾坤 | K44: 46044 | M44: close
B45: 订单相关 | C45: 52 | D45: 46083 | E45: 813267 | F45: 外形图意见，一次二次图纸确认 | G45: 1. 2026-03-02:MD按照客户意见更新完图纸，PM协助催客户2026-3-09日前确认 2. 2026-03-09 客户2026-03-06确认图纸 | H45: 郑瑞阳 | I45: 董立乔 | J45: 周坤 | K45: 46090 | M45: close
B46: 订单相关 | C46: 53 | D46: 46083 | E46: 813277/278 | F46: 导变问题 | G46: 1. 2026-03-02: 原设计都导变813165， 客户最新要求一台导变813165(不带平衡)， 一台导变813168(带平衡)。 需要PM于2026-03-05日确认。(开关、套管订单已下发) 2. 2026-03-09：PM确认2个不同导变，是否需等签PO后，详设才执行？ 3.2026-03-16 项目经理已发邮件通知确认2个项目，813278已移至4月份详设 | H46: 戚彬 | I46: 王芳 | J46: 黄丹慧 | K46: 46086 | M46: close
B47: 订单相关 | C47: 45 | D47: 46040 | E47: 813028 | F47: 客户发来的现场铭牌 电算确认无法并联运行 | G47: 2026-01-18 PM 确认变压器详细设计是否继续进行？PM 组织会议 重新安排设计计划 2026-01-26 确认更改并联运行，重新设计 更改新订单号 | H47: 李咏梅 | I47: 司林杰 | J47: 周骞 | K47: 46040 | M47: close
B48: 订单相关 | C48: 46 | D48: 46040 | E48: 813115 | F48: 高压中压套管不能及时到货，考虑试验套管做试验 | G48: 2026-01-18 3支高压套管用罗马尼亚项目传奇420kV套管 替代试验，PM需要与客户确认是否同意用试验套管做试验 2026-01-26 PM 确认客户同意试验套管做试验，设计出试验方案 2026-02-02 close | H48: 郭运波 | I48: NA | J48: 史乾坤 | K48: 46045 | M48: close
B49: 订单相关 | C49: 47 | D49: 46040 | E49: 813219 | F49: 一次二次图纸确认（2026-02 初期开始详细设计） | G49: 2026-01-18 PM 催 一次二次图纸确认 2026-01-18 下午 PM 通知一次二次图纸确认 | H49: 陈振东 | I49: 董立乔 | J49: 张勇 | K49: 46045 | L49: 46040 | M49: close
B50: 订单相关 | C50: 48 | D50: 46048 | E50: 813301 | F50: 水冷器高度未提供，主变和冷却器噪音未提供 | G50: 2026-01-26 PM 催客户提供参数 2026-02-02 close | H50: 陈振东 | J50: 邓亮 | K50: 46053 | M50: close
B51: 订单相关 | C51: 49 | D51: 46048 | E51: 850621 | F51: 一次二次图纸确认 | G51: 2026-01-26 PM 催图纸确认 2026-02-02 一次二次确认图纸 PM发邮件 | H51: 郑瑞阳 | J51: 庄琰 | K51: 46053 | M51: close
B52: 订单相关 | C52: 50 | D52: 46055 | E52: 813275 | F52: 客户有意向增加平衡母线箱，此项更改影响本项目加防护罩 | G52: 此项更改影响外新图！ 206-02-09 确认带平衡母线箱 | H52: 李红杰 | I52: 王芳 | J52: 史乾坤 | K52: 46058 | M52: close
B53: 订单相关 | C53: 51 | D53: 46062 | E53: 813219 | F53: Sensformer 接线未按照说明书接线，需要Sensoformer 厂家 更新说明书 | G53: PM 确认按照Sensformer 厂家邮件接线即可 | H53: NA | I53: 董立乔 | J53: 张勇 | K53: 46062 | M53: close
B54: 订单相关 | C54: 34 | D54: 46006 | E54: 813135-813142 | F54: 其中3台油油改为油油套管+油空气+避雷器 | G54: 1,技术先询价OIP +RIP 套管+避雷器 2,项目经理确认方案+1w+2w 3, 2026-01-12：客户已经反馈部分技术参数，PM继续催提供全部技术方案，2026-01-18 +1W， 4,2026-01-26 确认了两台变压器的方案，PM 继续催其他没有确认方案 5.2026-01-26 讨论重新提图日期 6.2026-02-02 根据客户提供的技术资料 更新technical input check 陈+周 7. 2026-03-02 两台阻抗不明，电算无法展开设计，影响设计。PM继续跟客户确认 8. 2026-03-09 PM继续跟客户确认阻抗问题 9. 2026-03-16 PM需跟客户继续澄清-2026-03-20前 10.2026-3-23 客户提供了阻抗值，PM 跟踪方案可行性 以便展开设计 11,2026-04-13 PM 继续跟踪线圈布置，电算按照当前方案继续 2026-04-27 继续跟踪线圈布置，电算按照当前方案继续 close | H54: 陈振东 | I54: NA | J54: 周骞 周坤 | K54: 46021 | M54: close
B55: 订单相关 | C55: 43 | D55: 46034 | E55: 813218 | F55: 外形图意见 | G55: 2026-01-12：图纸确认过程中 小是否配小车 技术协议与LOP 不一致，需要项目经理尽快确认是否带小车，影响外形图和基础图 2026-01-26：PM 继续催客户确认 2026-02-02 PM 继续联系客户确认 2026-02-09 暂时按照不提供小车提供图纸 2026-03-02:MD按照客户意见更新完图纸，PM协助催客户2026-03-06日前确认 2026-03-09 客户于2026-03-06回复意见，外形只对梯子有意见。二次和评审报告有意见，需更新。 2026-03-16 外形图已更新，请客户03-18前确认。 2026-03-23外形图已更新，客户 未确认图纸 已经影响详细设计，PM 继续跟踪！！ 2026-03-30 外形图已确认 | H55: 郭运波 | I55: 司林杰 | J55: 周坤 | K55: 46041 | M55: close
B56: 订单相关 | C56: 54 | D56: 46090 | E56: 813295~300 | F56: 套管抗震问题 | G56: 1. 2026-03-09 : 瓷套管不满足竖直0.4g的抗震要求， 硅橡胶可以满足。 QGDW 13001-2025 不执行。 需要项目经理和采购决定如何执行.请本周内确定 2. 2026-03-16 PM需要确认是否改为硅橡胶干式-2026-03-19前 3. 2026-03-23 PM 正式书面确认 800kV 套管 使用瓷外套 OIP 套管 4.2026-03-30 客户接受 800kV 套管 使用磁外套 OIP 套管 | H56: 李咏梅 | I56: 司林杰 | J56: 邓亮 | K56: 46094 | M56: close
B57: 订单相关 | C57: 55 | D57: 46090 | E57: 813301/302 | F57: 外形图确认 | G57: 1. 2026-03-09 : 2026-2-13已提交先期图纸，需PM协助要求客户2026-03-20前确认 2. 2026-03-16 : PM催客户2026-03-31确认一次图纸 3. 2026-03-26: 客户如果2026-03-31日一次图纸不确认， 将延迟交货期 。二次也等待确认 4. 2026-03-30: 客户可能推迟交货期，4.5日客户给下一步确认图纸的时间，客户需优先确认房间布置 5. 2026-04-13 close | H57: 陈振东 | I57: 董立乔 | J57: 庄琰 | K57: 46101 | M57: close
B58: 订单相关 | C58: 56 | D58: 46097 | E58: 813321 | F58: CT参数 | G58: 1. 2026-03-16 : 中性点CT参数请客户于03-19之前提供，否则影响提图和订购套管 2,2026-03-23 PM 意见按照以前罗马尼亚项目提供铭牌图纸，发用户确认 | H58: 张金环 | I58: 王芳 | J58: 黄丹慧 | K58: 46100 | L58: 46104 | M58: close
B59: 订单相关 | C59: 57 | D59: 46104 | E59: 823028 | F59: 确认变压器运输高度4.2米限制 | G59: 2026-03-23 PM 确认4.2米运输高度是否为强制要求，如果有此要求 ED 需要3柱改5柱铁芯，重新电算设计，PM 权衡是否影响交货期 2026-03-30 客户确认可以按现在外形图的运输高度 | H59: 李红杰 | I59: 司林杰 | J59: 周骞 | K59: 46106 | M59: close
B60: 订单相关 | C60: 58 | D60: 46104 | E60: 813205 | F60: 高压零相套管型式试验报告 | G60: PM 确认是否采购一支套管做型式试验 ；2026-03-23 PM 邮件确认重新采购 | H60: 李咏梅 | I60: 司林杰 | J60: 周坤 | K60: 46106 | L60: 46104 | M60: close
B61: 订单相关 | C61: 60 | D61: 46111 | E61: 813295 | F61: 一次、二次图纸确认 | G61: 2026-03-30 : PM催客户确认一次、二次图纸 项目经理需催促客户4月22日前确认二次图纸，尽早确认，否则影响详设。客户指定的供货商 5.2026-04-13 二次图纸确认 2026-04-27 二次图纸确认， 2026-5-11 预计本周确认 2026-5-18 预计本周确认+4 2026-5-25 预计本周确认+5 2026-06-01 PM 今日确认 2026-06-03确认 | H61: 李咏梅 | I61: 司林杰 | J61: 邓亮 | K61: 46150 | L61: 46176 | M61: close
B62: 订单相关 | C62: 61 | D62: 46111 | E62: 813255 | F62: 加拿大电缆需CSA 认证 | G62: 2026-03-30 采购寻满足CSA 认证的电缆供应商 2026-03-30 PM 同步与客户确认能否用当前电缆供货 2026-04-13 二次澄清问题至今没回复，影响二次图纸 2026-04-20 PM 油位计、端子排、电缆颜色三个待处理项 2026-04-27 PM 油位计、端子排、电缆颜色三个相 确认 | H62: 李咏梅 | I62: 王芳 | J62: 周坤 | K62: 46119 | M62: close
B63: 订单相关 | C63: 62 | D63: 46111 | E63: 812752/812753 | F63: 一次、二次图纸确认 | G63: 2026-03-30 : PM催客户确认一次、二次图纸 2026-04-13： PM催客户确认一次、二次图纸 二次已影响仪表订单 2026-04-26 PM催客户确认一次、二次图纸 +2 2026-05-11 PM催客户确认一次、二次图纸 +3+4 2026-05-25 一次预计5月底，二次图纸预计6月15给确认 2026-06-01 本周确认一次+6 6月份详设中，图纸需要尽快确认。 2026-06-15 06-16 一次图纸确认 2026-6-22 PM继续催二次确认 2026-6-29 PM继续催二次确认 2026-07-06 PM通知 二次确认 | H63: 毕海宁 | I63: 董立乔 | J63: 邓亮 | K63: 46184 | L63: 46209 | M63: close
B64: 订单相关 | C64: 63 | D64: 46111 | E64: 813275 | F64: 二次图纸跟踪 | G64: 2026-03-30 : 采购跟踪MR图纸更改，PM澄清sensformer的我们供货范围 2026-04-13 PM 确认 sensformer传感器和光纤盒供货范围问题，采购确认sensformer咱不供了，光纤盒供应商也无法提供；结论：MD 下库存订单30个 | H64: 李红杰 | I64: 王芳 | J64: 史乾坤 | K64: 46120 | M64: close
B65: 订单相关 | C65: 64 | D65: 46111 | E65: 813211/245/208 | F65: 二次图纸确认 | G65: 2026-03-30 : PM跟踪推动 相应在线监测设备图纸的确认 2026-04-13 : PM跟踪推动 相应在线监测设备图纸的确认 2026-04-27: 813211端子箱位置确认 2026-05-11：只差813208未确认 2026-05-18 813208 端子箱位置+5 庄琰 2026-05-25 813208二次已确认 | H65: 郑瑞阳 | I65: 董立乔 | J65: 黄丹慧 | K65: 46117 | M65: close
B66: 订单相关 | C66: 65 | D66: 46111 | E66: 813139 先做设计 | F66: 开关图纸 | G66: 2026-03-30 : 采购跟踪MR图纸提供 2026-04-13 ：采购催MR开关图纸 2026-04-20 ：采购催MR开关图纸 2026-04-27：MR 图纸继续更新 2026-05-11：未更新正确，需要继续更改 2026-05-18：未更新正确，需要继续更改 2026-05-25 MR已提供更新图纸，已提交客户 | H66: 陈振东 | I66: 司林杰 | J66: 周骞 | K66: 46117 | M66: close
B67: 订单相关 | C67: 66 | D67: 46111 | E67: 813328/329 | F67: 提图计划 | G67: 2026-03-30 : PM要求提供提图计划表(2个设计，813329交期急) ；813329 5月15日提图；813328 6月15提图 2026-04-13：PM 催套管图纸确认， 2026-04-20 套管图纸带意见批复，设计发订单 2026-04-27：PM 催套管图纸确认 2026-05-11：客户对图纸还未完全确认 2026-05-18：客户对图纸还未完全确认+3 2026-05-25：PM确认套管图纸都批复可行 | H67: 郑瑞阳/高伟廷 | I67: 司林杰 | J67: 张勇 | K67: 46117 | M67: close
B68: 订单相关 | C68: 67 | D68: 46111 | E68: 813037 | F68: 二次图纸确认 | G68: 2026-03-30 : PM催客户二次监测设备图纸确认(牵涉客户现场监测配合) 2026-04-27 ：二次确认 | H68: 郭运波 | I68: 王芳 | J68: 黄丹慧 | K68: 46117 | M68: close
B69: 订单相关 | C69: 68 | D69: 46125 | E69: 813197 | F69: ABB 继电器，油位计型号选型 | G69: 2026-04-13 采购催Messko 油位计 回复；PM 与客户沟通Qulitrol 油位计 与现场图片不匹配 2026-04-27 配传统继电器 +ABB 继电器，设计检查油箱油位计可行性 2026-05-11：图纸已更新 | H69: 李咏梅 | I69: 王芳 | J69: 黄丹慧 | K69: 46128 | M69: close
B70: 订单相关 | C70: 69 | D70: 46132 | E70: 813340/813341 | F70: 更改设计 | G70: 2026-04-20 ：PM 确认是否合并至813342项目，PM 通知813340开关套管订单暂停 2026-04-27 close 2026-5-25 PM需要更新checklist, 以便按此更新算单和设计 | H70: 郭运波 | I70: 王芳 | J70: 庄琰 | K70: 46132 | L70: 46170 | M70: close
B71: 订单相关 | C71: 70 | D71: 46132 | E71: 813345 | F71: 现场改造 | G71: 2026-04-20 ： 设计评估但前设计输入是否可开展设计；ED 尽快设计方案以便检查器身重量是否满足现场基础载荷；PM 协调客户提供需要的现场接口尺寸 2026-04-27 结构设计check 重量是否超出现场基础载荷 2026-05-11：自冷负荷需确认 2026-5-8 日已经确认 2026-05-18：结构设计check 重量是否超出现场基础载荷+2 2026-05-25：结构设计check 重量是否超出现场基础载荷+3-李红杰 2026-06-01：结构设计check 重量是否超出现场基础载荷+4-李红杰 06-01 确认总重不超过现场变压器重量 | H71: 李红杰 | I71: 司林杰 | J71: 黄丹慧 | K71: 46142 | L71: 46174 | M71: close
B72: 订单相关 | C72: 71 | D72: 46132 | E72: 813153 | F72: 是否有备件 | G72: 2026-04-20：PM 确认是否提供备件 2026-05-11：PM 继续澄清 2026-05-18 PM继续澄清 如何执行+3 2026-05-25 PM待合同签订后更新checklist | H72: 李咏梅 | I72: 司林杰 | J72: 庄琰 | K72: 46132 | L72: 46170 | M72: close
B73: 订单相关 | C73: 72 | D73: 46139 | E73: 813135-813142 | F73: 813138-813139提图后无反馈 | G73: 2026-04-27 PM 催客户提供图纸反馈 2026-05-11：PM 催客户提供图纸反馈+1 2026-05-18：PM 催客户提供图纸反馈+2 2026-05-15 ：PM催客户提供图纸反馈+3 2026-06-01：PM 和MD 商议合理提图和图纸反馈方案 逐步推进项目进行（陈+周坤） 2026-06-15 采购催开关图纸 2026-06-15 813140/813142 客户要求改高压出线GIS 改为 油-空气 +避雷器 ，原套管订单通知采购暂停采购 2026-06-15 813136 提图日期改为2026-06-18- 张金环6-17已提供 2026-6-22 客户还未确认最终改为油气套管。 采购催开关图纸+1 2026-06-29 PM 继续跟进；采购催813136开关图纸+1 2026-07-06 详细设计全面展开，PM 继续跟进 避免详设完成后再次更改；采购催813136开关接线图纸 2026-07-06 PM 催二次仪表确认，以确保仪表交货期 2026-07-20 仪表下单；结构设计按照图纸意见更新图纸重新提交客户+1 2026-07-27 仪表下单；813139结构设计按照图纸意见更新图纸重新提交客户 2026-08-03 PM 813135 一次图纸客户没有反馈意见；开关更改型号（VRS改为VM) 详细设计不能安排八月份；PM 评估交期是否有影响； 2026-08-10 采购催813135开关图纸； 2026-08-10 8台变压器光纤信号模块按照100兆标配执行 | H73: 陈振东 | I73: 司林杰 | J73: 周坤 | K73: 46184 | M73: on going
B74: 订单相关 | C74: 73 | D74: 46139 | E74: 813360 | G74: 2026-04-27 催MR 提供图纸 2026-05-11：催MR 提供图纸+1 2026-05-18：催MR 提供图纸+2 2026-05-25：MR已提供，但数据有问题，需要MR再次更新 2026-06-01 :PM 一次图纸本周确认 2026-06-15:PM 开设联会（目前外部详设暂停） 2026-6-22: 还未最终确认，PM继续催(设联会上确认大约月底给确认) 2026-06-29 变压器平衡套管位置移动设计院基本没有意见但是没有书面确认，CT 参数也在更改需尽快确认；PM 继续跟进图纸确认 2026-07-06 变压器平衡套管位置移动设计院基本书面确认 2026-07-06 CT 参数也在更改需尽快确认；设计院反馈图纸意见 结构设计更新图纸 2026-07-20 结构设计按照图纸意见更新图纸重新提交客户 2026-07-27 PM 催一次二次图纸确认 2026-08-03 外形图没有其他意见视为确认，PM 继续催二次接口相关信息 2026-08-10 上述开口项视为关闭 | H74: 陈振东 | I74: 董立乔 | J74: 庄琰 | K74: 46188 | M74: close
B75: 订单相关 | C75: 74 | D75: 46160 | E75: 813375 甘肃酒泉玉门 | F75: 套管图纸 | G75: 2026-05-18 采购协助催传奇提供813375 甘肃酒泉玉门 套管图纸 2026-05-25 采购协助催传奇提供813375 甘肃酒泉玉门 套管图纸+1 2026-06-01 采购 传奇出具不满足海拔修正的解释函；同时更新其他套管图纸; 已经提供。 | H75: 李咏梅 | I75: 司林杰 | J75: 邓亮 | K75: 46184 | M75: Close
B76: 订单相关 | C76: 75 | D76: 46160 | E76: 813181 | F76: 导变813157 | G76: 2026-05-18 PM:813181 一次二次图纸没有确认是否可以生产 2026-05-25 PM通知设计暂停 | H76: 郭运波 | I76: 董立乔 | J76: 周坤 | K76: 46162 | M76: close
B77: 订单相关 | C77: 76 | D77: 46160 | E77: 813265/813266 | G77: 2026-05-18 PM一次二次图纸没确认,仪表设计计划已到期 本周需回复 2026-05-25 PM通知仪表可以下订单，其余图纸PM继续催客户确认 2026-06-15 PM 一次二次图纸确认 2026-06-22 PM 一次二次图纸确认，二次仪表和套管监测客户还有意见（紧急） 2026-06-29 客户提供了新的外形图纸意见，PM 认为一次图纸确认 2026-07-06 PM 二次图纸确认 | H77: 戚彬 | I77: 王芳 | J77: 史乾坤林立润 | K77: 46184 | L77: 46209 | M77: close
B78: 订单相关 | C78: 77 | D78: 46160 | E78: 813275 | G78: 2026-05-18 PM一次二次图纸确认 2026-05-25 更新的图纸刚提交，PM需催客户尽快一次二次图纸确认 2026-06-15 PM 催一次 在图纸确认； 2026-06-15 结构设计更新二次 图纸；董立乔 2026-06-22 PM 一次二次图纸确认+1 2026-06-29 一次图纸确认 2026-07-06 客户反馈图纸意见，结构设计更新图纸 2026-07-06 PM 通知二次视为确认 | H78: 李红杰 | I78: 董立乔 | J78: 史乾坤林立润 | K78: 46184 | L78: 46202 | M78: close
B79: 订单相关 | C79: 78 | D79: 46160 | E79: 813143 | G79: 2026-05-18 PM 第三方提供的 DGA 设备接口变动 需在本体端子箱内增加设备，端子箱已经在车间 接线，但前端子箱空间不够 建议不再更改 端子箱；DGA 设备阀门接口未提供尺寸无法下技术订单 2026-05-25 PM确认已解决 | H79: 李咏梅 | I79: 王芳 | J79: 庄琰 | K79: 46162 | M79: close
B80: 订单相关 | C80: 78 | D80: 46174 | E80: 813271 | G80: 2026-06-01 PM一次二次图纸确认 2026-06-15 PM 催一次 在图纸确认； 2026-06-15 结构设计更新二次 图纸；董立乔 2026-06-22 PM一次二次图纸确认+2 2026-07-06 客户反馈图纸意见，结构设计更新图纸@戚彬 2026-07-06 PM 通知二次视为确认 2026-07-13 PM 通知一次视为确认 | H80: 戚彬 | I80: 董立乔 | J80: 史乾坤林立润 | K80: 46184 | M80: close
B81: 订单相关 | C81: 79 | D81: 46174 | E81: 813329 | G81: 2026-06-01 PM 协调设计联络会日期提前，以保证当前交货期 6月份详设中，图纸需要尽快确认。 2026-06-15 客户6月30~7月3日召开设计联络会。 2026-06-29 确认6月30~7月3日召开设计联络会 2026-07-06 设计联络会后 设计变动 ，7/10 结构设计更新图纸发客户确认，详细设计暂停 2026-07-06 Cedaspe 仪表 (气体继电器和油位计）由于南非项目供货渠道MR有限制 其交期受影响 SM+PM ，建议项目会讨论 该仪表不备注南非项目 2029-07-13 close 2026-07-13 PM 催一次二次图纸确认 2026-07-13 司工发813328的Cedaspe 订单 2026-07-20 客户07-17 线上会议提出了新的意见，结构设计按照意见修改图纸 2026-07-27 PM 催一次二次图纸确认，跟进COMEN 快速压力继电器事项 2026-08-03 PM 催一次二次图纸确认，跟进COMEN 快速压力继电器事项+1 2026-08-10 PM 催一次二次图纸确认 ；确认快速压力继电器 不采用commen,回归Qualitrol | H81: 郑瑞阳 | I81: 董立乔 | J81: 张勇 | K81: 46184 | M81: on going
B82: 订单相关 | C82: 80 | D82: 46174 | E82: 813282 | G82: 2026-06-01 PM一次二次图纸确认 2026-06-15 PM 通知按照图纸确认执行 | H82: 李咏梅 | I82: 王芳 | J82: 黄丹慧 | K82: 46184 | M82: close
B83: 订单相关 | C83: 81 | D83: 46174 | E83: 813320 | G83: 2026-06-08 PM一次二次图纸确认 2026-06-22 PM一次二次图纸确认+1 2026-06-29PM一次二次图纸确认 | H83: 郭运波 | I83: 司林杰 | J83: 黄丹慧 | K83: 46184 | L83: 46202 | M83: close
B84: 订单相关 | C84: 82 | D84: 46174 | E84: 813321/813322 | G84: 2026-06-08PM一次二次图纸确认 2026-06-15 PM 一次二次确认 | H84: 张金环/戚彬 | I84: 王芳 | J84: 黄丹慧 | K84: 46184 | M84: close
B85: 订单相关 | C85: 83 | D85: 46188 | E85: 813323 | G85: 2026-06-15 PM 一次二次图纸确认 2026-06-22 视为已确认 | H85: 戚彬 | I85: 王芳 | J85: 黄丹慧 | K85: 46195 | M85: close
B86: 订单相关 | C86: 84 | D86: 46195 | E86: 813337 | G86: 2026-06-22 SM催供货商提供开关图纸-TMR和AVR自动调压都能实现，需要PM跟客户确认是否还都提供 | H86: 张金环 | I86: 王芳 | J86: 张勇 | K86: 46199 | L86: 46202 | M86: close
B87: 订单相关 | C87: 85 | D87: 46195 | E87: 813321/322/323 | G87: 2026-06-22 SM催供货商提供开关图纸 2026-06-29 SM 催322 开关图纸 2026-07-06 SM 催322/323 开关图纸；2026-07-13 323开关图纸已经更新 2026-07-13 催322开关图纸 2026-07-20 close | H87: 张金环 | I87: 王芳 | J87: 黄丹慧 | K87: 46199 | M87: close
B88: 订单相关 | C88: 86 | D88: 46195 | E88: 813211 | G88: 2026-06-22 PM催在线监测确认 | H88: 郑瑞阳 | I88: 董立乔 | J88: 黄丹慧 | K88: 46199 | L88: 46196 | M88: close
B89: 订单相关 | C89: 87 | D89: 46202 | E89: 813197 | G89: 2026-09-29 采购继续催 ABB model 11 继电器 是否可采购 2026-07-06 采购继续催ABB model 11 继电器 的报价以及确认是否可采购+1 2026-07-13 ABB model 11 继电器已经提供的报价；采购继续催继电器厂家提供集气盒图纸；PM 继续催加拿大西门子 与客户沟通结果 2026-07-20 PM 要求7/24日前,SE 西门子继续与客户沟通确2BB model 方案 2026-07-20 PM 要求7/24日前,SE 西门子继续与客户沟通确认EMB 替代ABB model 方案+1 2026-07-27 PM 要求7/24日前,SE 西门子继续与客户沟通确认EMB 替代ABB model 方案+2 2026-08-03 SE 加拿大西门子认为可以说服客户接受EMB方案 2026-08-10 客户接受EMB方案 结构设计更改图纸 | H89: 李咏梅 | I89: 王芳 | J89: 黄丹慧 | K89: 46208 | M89: on going
D90: 46209 | E90: 850816 | G90: 2026-07-06 PM 协调尽快提供利旧相关部件测量信息，以便详细设计展开 2026-07-13 结构设计继续提供的尺寸展开设计 有问题及时与项目经理和相关部门沟通 2026-07-20 PM 协调 提供测量尺寸 2026-07-24 close | H90: 高伟廷/ 李世升 | I90: 董立乔 | J90: 庄琰 | K90: 46213 | L90: 46227 | M90: close
B91: 订单相关 | D91: 46216 | E91: 813265 | G91: 2026-7-13 PM 通知套管在线检测设备 客户提出自行采购，结构设计通知采购暂停；控制柜设计订单已经到期，PM 需要尽快协调 2026-07-20 PM 确认套管在线检测设备STCL不提供; 在线监测设备箱体挂本体；PM 催检测设备箱体尺寸 2026-07-27 PM 催检测设备箱体尺寸 ；PM协调一次二次图纸确认 2026-08-03 PM 视为确认 | H91: 戚彬 | I91: 王芳 | J91: 林利润 | K91: 46216 | M91: close
B92: 订单相关 | D92: 46216 | E92: 813337 | G92: 2026-07-13 PM 协调TMR 是否提供，如果提供 请确认开关AVR 取消 2026-07-20 PM 确认提供TMR（以此设备为主），开关带AVR（为辅助）供货@王芳按此下单；PM 继续与客户跟踪 这两个设备的状态 2026-07-27 客户确认开关不带AVR。07/28 结构设计更新开关订单 2026-08-03 PM 催一次二次图纸确认 2026-08-10 MD 按照客户意见更新图纸 | H92: 张金环 | I92: 王芳 | J92: 张勇 | K92: 46220 | M92: on going
B93: 订单相关 | D93: 46216 | E93: 813283 | G93: 2026-07-13 PM 协调客户确认调压位置，该信息影响点算方案，提图日期需要相应延迟 2026-07-20 PM 协调客户确认调压位置，该信息影响点算方案，提图日期需要相应延迟+1 2026-07-27 PM 协调客户确认调压位置，该信息影响点算方案，提图日期需要相应延迟+2 2026-08-03 客户确认调压位置 close ；新的提图日期根据电算方案顺延 2026-08-10 2026-08-03电算提供电压比 需要客户确认后电算方案才可以开始；核算成本重新更新OCC | H93: 陈振东 | I93: 董立乔 | J93: 张勇 | K93: 46220 | M93: on going
B94: 订单相关 | D94: 46223 | E94: 813255/202 | G94: 2026-07-20 PM 协调满足加拿大标准的电缆 如何执行，813255 每台变压器80根电缆，电缆直径为常规电缆的一倍 2026-07-27，PM &采购一起协调电缆供应商提供符合CSA认证的电缆规格和尺寸 2026-08-03，PM &采购一起协调电缆供应商提供符合CSA认证的电缆规格和尺寸+1 2026-08-10 进口电缆成本单台90万，价格超出报价；采购根据813255 当前技术订单重新询价国内电缆，对比电缆成本 | H94: 李咏梅 | I94: 王芳 | J94: 周坤 | K94: 46233 | M94: on going
B95: 订单相关 | D95: 46223 | E95: 813399-401 | G95: 2026-07-27 采购协调冷却器厂家提供报价和图纸 2026-07-31 close 2026-08-03 PM 协调客户尽快提供现场一次二次图纸 2026-08-10 08-07与客户team会议后重新整理lop 发给客户 | H95: 李红杰 | I95: 董立乔 | J95: 徐腾 | K95: 46234 | M95: on going
B96: 订单相关 | D96: 46237 | E96: 813387 | G96: 2026-08-03 PM 催图纸确认，详细设计已经安排在8月份 2026-08-10 林总08-03邮件回复 外形图视为确认 | H96: 戚彬 | J96: 徐腾/林利润 | K96: 46241 | M96: close
B97: 订单相关 | D97: 46237 | E97: 813391 | G97: 2026-08-03 PM 催图纸确认，详细设计已经安排在8月份 2026-08-10 PM 协调客户尽快提供充氮灭火接口 以便更新图纸 | H97: 郭运波 | J97: 黄丹慧 | K97: 46241 | M97: on going
B98: 订单相关 | D98: 46244 | E98: 813321 | G98: 2026-08-10 PM 催图纸确认 | H98: 张金环 | I98: 王芳 | J98: 黄丹慧 | K98: 46249 | M98: on going
B99: 订单相关 | D99: 46244 | E99: 813292 | G99: 2026-08-10 PM 催CT 参数和套管佛手型号 | H99: 陈振东 | I99: 司林杰 | J99: 张勇 | K99: 46249 | M99: on going
B100: 订单相关 | D100: 46244 | G100: 2026-08-10 采购催EC风机图纸 所有罗马尼亚项目等待风机图纸@程航 | M100: on going

Sheet 提图计划
B2: 2026财年结构设计提图计划
B3: 序号 | C3: 订单号 | D3: 容量 MVA | E3: 电压 Kv | F3: 客户 | G3: 国内/出口 | H3: 台数 | I3: 项目负责人 | K3: 一次图纸 | M3: 二次图纸
G4: 国内/出口 | I4: 一次 | J4: 二次 | K4: 提交日期 | L4: 确认日期 | M4: 提交日期 | N4: 确认日期
B5: 1 | C5: ='2025 结构设计订单 '!B52 -> 813090-093 | D5: ='2025 结构设计订单 '!C52 -> 140 | E5: ='2025 结构设计订单 '!D52 -> 230 | F5: ='2025 结构设计订单 '!E52 -> 上海电气埃及 Kom Ombo二期500KV光储EPC项目 | G5: ='2025 结构设计订单 '!F52 -> 出口 | H5: ='2025 结构设计订单 '!G52 -> 4 | I5: =IF((_xlfn.XLOOKUP($C5,'2025 结构设计订单 '!$B:$B,'2025 结构设计订单 '!H:H))=0," ",_xlfn.XLOOKUP($C5,'2025 结构设计订单 '!$B:$B,'2025 结构设计订单 '!H:H)) -> 高伟廷 | J5: =IF((_xlfn.XLOOKUP($C5,'2025 结构设计订单 '!$B:$B,'2025 结构设计订单 '!I:I))=0," ",_xlfn.XLOOKUP($C5,'2025 结构设计订单 '!$B:$B,'2025 结构设计订单 '!I:I)) -> 司林杰 | K5: =IF((_xlfn.XLOOKUP($C5,'2025 结构设计订单 '!$B:$B,'2025 结构设计订单 '!J:J))=0," ",_xlfn.XLOOKUP($C5,'2025 结构设计订单 '!$B:$B,'2025 结构设计订单 '!J:J)) -> 45757 | L5: =IF((_xlfn.XLOOKUP($C5,'2025 结构设计订单 '!$B:$B,'2025 结构设计订单 '!K:K))=0," ",_xlfn.XLOOKUP($C5,'2025 结构设计订单 '!$B:$B,'2025 结构设计订单 '!K:K)) | M5: =IF((_xlfn.XLOOKUP($C5,'2025 结构设计订单 '!$B:$B,'2025 结构设计订单 '!M:M))=0," ",_xlfn.XLOOKUP($C5,'2025 结构设计订单 '!$B:$B,'2025 结构设计订单 '!M:M)) -> 45756 | N5: =IF((_xlfn.XLOOKUP($C5,'2025 结构设计订单 '!$B:$B,'2025 结构设计订单 '!N:N))=0," ",_xlfn.XLOOKUP($C5,'2025 结构设计订单 '!$B:$B,'2025 结构设计订单 '!N:N))
B6: 11 | C6: ='2025 结构设计订单 '!B54 -> 813081-813087 | D6: ='2025 结构设计订单 '!C54 -> 300 | E6: ='2025 结构设计订单 '!D54 -> 420 | F6: ='2025 结构设计订单 '!E54 -> UAE | G6: ='2025 结构设计订单 '!F54 -> 出口 | H6: ='2025 结构设计订单 '!G54 -> 6 | I6: =IF((_xlfn.XLOOKUP($C6,'2025 结构设计订单 '!$B:$B,'2025 结构设计订单 '!H:H))=0," ",_xlfn.XLOOKUP($C6,'2025 结构设计订单 '!$B:$B,'2025 结构设计订单 '!H:H)) -> 李咏梅 | J6: =IF((_xlfn.XLOOKUP($C6,'2025 结构设计订单 '!$B:$B,'2025 结构设计订单 '!I:I))=0," ",_xlfn.XLOOKUP($C6,'2025 结构设计订单 '!$B:$B,'2025 结构设计订单 '!I:I)) -> 司林杰 | K6: =IF((_xlfn.XLOOKUP($C6,'2025 结构设计订单 '!$B:$B,'2025 结构设计订单 '!J:J))=0," ",_xlfn.XLOOKUP($C6,'2025 结构设计订单 '!$B:$B,'2025 结构设计订单 '!J:J)) -> 45762 | L6: =IF((_xlfn.XLOOKUP($C6,'2025 结构设计订单 '!$B:$B,'2025 结构设计订单 '!K:K))=0," ",_xlfn.XLOOKUP($C6,'2025 结构设计订单 '!$B:$B,'2025 结构设计订单 '!K:K)) | M6: =IF((_xlfn.XLOOKUP($C6,'2025 结构设计订单 '!$B:$B,'2025 结构设计订单 '!M:M))=0," ",_xlfn.XLOOKUP($C6,'2025 结构设计订单 '!$B:$B,'2025 结构设计订单 '!M:M)) -> 45762 | N6: =IF((_xlfn.XLOOKUP($C6,'2025 结构设计订单 '!$B:$B,'2025 结构设计订单 '!N:N))=0," ",_xlfn.XLOOKUP($C6,'2025 结构设计订单 '!$B:$B,'2025 结构设计订单 '!N:N))
B7: 13 | C7: ='2025 结构设计订单 '!B55 -> 813037-813045 | D7: ='2025 结构设计订单 '!C55 -> 210 | E7: ='2025 结构设计订单 '!D55 -> 330 | F7: ='2025 结构设计订单 '!E55 -> Australia | G7: ='2025 结构设计订单 '!F55 -> 出口 | H7: ='2025 结构设计订单 '!G55 -> 8 | I7: =IF((_xlfn.XLOOKUP($C7,'2025 结构设计订单 '!$B:$B,'2025 结构设计订单 '!H:H))=0," ",_xlfn.XLOOKUP($C7,'2025 结构设计订单 '!$B:$B,'2025 结构设计订单 '!H:H)) -> 郭运波 | J7: =IF((_xlfn.XLOOKUP($C7,'2025 结构设计订单 '!$B:$B,'2025 结构设计订单 '!I:I))=0," ",_xlfn.XLOOKUP($C7,'2025 结构设计订单 '!$B:$B,'2025 结构设计订单 '!I:I)) -> 王芳 | K7: =IF((_xlfn.XLOOKUP($C7,'2025 结构设计订单 '!$B:$B,'2025 结构设计订单 '!J:J))=0," ",_xlfn.XLOOKUP($C7,'2025 结构设计订单 '!$B:$B,'2025 结构设计订单 '!J:J)) -> 45768 | L7: =IF((_xlfn.XLOOKUP($C7,'2025 结构设计订单 '!$B:$B,'2025 结构设计订单 '!K:K))=0," ",_xlfn.XLOOKUP($C7,'2025 结构设计订单 '!$B:$B,'2025 结构设计订单 '!K:K)) | M7: =IF((_xlfn.XLOOKUP($C7,'2025 结构设计订单 '!$B:$B,'2025 结构设计订单 '!M:M))=0," ",_xlfn.XLOOKUP($C7,'2025 结构设计订单 '!$B:$B,'2025 结构设计订单 '!M:M)) | N7: =IF((_xlfn.XLOOKUP($C7,'2025 结构设计订单 '!$B:$B,'2025 结构设计订单 '!N:N))=0," ",_xlfn.XLOOKUP($C7,'2025 结构设计订单 '!$B:$B,'2025 结构设计订单 '!N:N))
B8: 24 | C8: ='2025 结构设计订单 '!B56 -> 813050~813053 | D8: ='2025 结构设计订单 '!C56 -> 150 | E8: ='2025 结构设计订单 '!D56 -> 400 | F8: ='2025 结构设计订单 '!E56 -> Venezuela project | G8: ='2025 结构设计订单 '!F56 -> 出口 | H8: ='2025 结构设计订单 '!G56 -> 4 | I8: =IF((_xlfn.XLOOKUP($C8,'2025 结构设计订单 '!$B:$B,'2025 结构设计订单 '!H:H))=0," ",_xlfn.XLOOKUP($C8,'2025 结构设计订单 '!$B:$B,'2025 结构设计订单 '!H:H)) -> 陈振东 | J8: =IF((_xlfn.XLOOKUP($C8,'2025 结构设计订单 '!$B:$B,'2025 结构设计订单 '!I:I))=0," ",_xlfn.XLOOKUP($C8,'2025 结构设计订单 '!$B:$B,'2025 结构设计订单 '!I:I)) -> 司林杰 | K8: =IF((_xlfn.XLOOKUP($C8,'2025 结构设计订单 '!$B:$B,'2025 结构设计订单 '!J:J))=0," ",_xlfn.XLOOKUP($C8,'2025 结构设计订单 '!$B:$B,'2025 结构设计订单 '!J:J)) -> 45774 | L8: =IF((_xlfn.XLOOKUP($C8,'2025 结构设计订单 '!$B:$B,'2025 结构设计订单 '!K:K))=0," ",_xlfn.XLOOKUP($C8,'2025 结构设计订单 '!$B:$B,'2025 结构设计订单 '!K:K)) | M8: =IF((_xlfn.XLOOKUP($C8,'2025 结构设计订单 '!$B:$B,'2025 结构设计订单 '!M:M))=0," ",_xlfn.XLOOKUP($C8,'2025 结构设计订单 '!$B:$B,'2025 结构设计订单 '!M:M)) -> 45772 | N8: =IF((_xlfn.XLOOKUP($C8,'2025 结构设计订单 '!$B:$B,'2025 结构设计订单 '!N:N))=0," ",_xlfn.XLOOKUP($C8,'2025 结构设计订单 '!$B:$B,'2025 结构设计订单 '!N:N))
B9: 14 | C9: ='2025 结构设计订单 '!B57 -> 850701 | D9: ='2025 结构设计订单 '!C57 -> 280 | E9: ='2025 结构设计订单 '!D57 -> 400 | F9: ='2025 结构设计订单 '!E57 -> 广西防城港 谭松站 | G9: ='2025 结构设计订单 '!F57 -> 国内 | H9: ='2025 结构设计订单 '!G57 -> 1 | I9: =IF((_xlfn.XLOOKUP($C9,'2025 结构设计订单 '!$B:$B,'2025 结构设计订单 '!H:H))=0," ",_xlfn.XLOOKUP($C9,'2025 结构设计订单 '!$B:$B,'2025 结构设计订单 '!H:H)) -> 李红杰 | J9: =IF((_xlfn.XLOOKUP($C9,'2025 结构设计订单 '!$B:$B,'2025 结构设计订单 '!I:I))=0," ",_xlfn.XLOOKUP($C9,'2025 结构设计订单 '!$B:$B,'2025 结构设计订单 '!I:I)) -> 董立乔 | K9: =IF((_xlfn.XLOOKUP($C9,'2025 结构设计订单 '!$B:$B,'2025 结构设计订单 '!J:J))=0," ",_xlfn.XLOOKUP($C9,'2025 结构设计订单 '!$B:$B,'2025 结构设计订单 '!J:J)) -> 45784 | L9: =IF((_xlfn.XLOOKUP($C9,'2025 结构设计订单 '!$B:$B,'2025 结构设计订单 '!K:K))=0," ",_xlfn.XLOOKUP($C9,'2025 结构设计订单 '!$B:$B,'2025 结构设计订单 '!K:K)) | M9: =IF((_xlfn.XLOOKUP($C9,'2025 结构设计订单 '!$B:$B,'2025 结构设计订单 '!M:M))=0," ",_xlfn.XLOOKUP($C9,'2025 结构设计订单 '!$B:$B,'2025 结构设计订单 '!M:M)) -> 45803 | N9: =IF((_xlfn.XLOOKUP($C9,'2025 结构设计订单 '!$B:$B,'2025 结构设计订单 '!N:N))=0," ",_xlfn.XLOOKUP($C9,'2025 结构设计订单 '!$B:$B,'2025 结构设计订单 '!N:N)) -> 45814
B10: 15 | C10: ='2025 结构设计订单 '!B59 -> 813101-813103 | D10: ='2025 结构设计订单 '!C59 -> 120 | E10: ='2025 结构设计订单 '!D59 -> 132 | F10: ='2025 结构设计订单 '!E59 -> UAE _Transco Haffar | G10: ='2025 结构设计订单 '!F59 -> 出口 | H10: ='2025 结构设计订单 '!G59 -> 3 | I10: =IF((_xlfn.XLOOKUP($C10,'2025 结构设计订单 '!$B:$B,'2025 结构设计订单 '!H:H))=0," ",_xlfn.XLOOKUP($C10,'2025 结构设计订单 '!$B:$B,'2025 结构设计订单 '!H:H)) -> 李咏梅 | J10: =IF((_xlfn.XLOOKUP($C10,'2025 结构设计订单 '!$B:$B,'2025 结构设计订单 '!I:I))=0," ",_xlfn.XLOOKUP($C10,'2025 结构设计订单 '!$B:$B,'2025 结构设计订单 '!I:I)) -> 司林杰 | K10: =IF((_xlfn.XLOOKUP($C10,'2025 结构设计订单 '!$B:$B,'2025 结构设计订单 '!J:J))=0," ",_xlfn.XLOOKUP($C10,'2025 结构设计订单 '!$B:$B,'2025 结构设计订单 '!J:J)) -> 45792 | L10: =IF((_xlfn.XLOOKUP($C10,'2025 结构设计订单 '!$B:$B,'2025 结构设计订单 '!K:K))=0," ",_xlfn.XLOOKUP($C10,'2025 结构设计订单 '!$B:$B,'2025 结构设计订单 '!K:K)) | M10: =IF((_xlfn.XLOOKUP($C10,'2025 结构设计订单 '!$B:$B,'2025 结构设计订单 '!M:M))=0," ",_xlfn.XLOOKUP($C10,'2025 结构设计订单 '!$B:$B,'2025 结构设计订单 '!M:M)) -> 45783 | N10: =IF((_xlfn.XLOOKUP($C10,'2025 结构设计订单 '!$B:$B,'2025 结构设计订单 '!N:N))=0," ",_xlfn.XLOOKUP($C10,'2025 结构设计订单 '!$B:$B,'2025 结构设计订单 '!N:N))
B11: 16 | C11: ='2025 结构设计订单 '!B60 -> 813115-813123 | D11: ='2025 结构设计订单 '!C60 -> 200 | E11: ='2025 结构设计订单 '!D60 -> 400 | F11: ='2025 结构设计订单 '!E60 -> Spain REE | G11: ='2025 结构设计订单 '!F60 -> 出口 | H11: ='2025 结构设计订单 '!G60 -> 9 | I11: =IF((_xlfn.XLOOKUP($C11,'2025 结构设计订单 '!$B:$B,'2025 结构设计订单 '!H:H))=0," ",_xlfn.XLOOKUP($C11,'2025 结构设计订单 '!$B:$B,'2025 结构设计订单 '!H:H)) -> 郭运波 | J11: =IF((_xlfn.XLOOKUP($C11,'2025 结构设计订单 '!$B:$B,'2025 结构设计订单 '!I:I))=0," ",_xlfn.XLOOKUP($C11,'2025 结构设计订单 '!$B:$B,'2025 结构设计订单 '!I:I)) -> 司林杰 | K11: =IF((_xlfn.XLOOKUP($C11,'2025 结构设计订单 '!$B:$B,'2025 结构设计订单 '!J:J))=0," ",_xlfn.XLOOKUP($C11,'2025 结构设计订单 '!$B:$B,'2025 结构设计订单 '!J:J)) -> 45792 | L11: =IF((_xlfn.XLOOKUP($C11,'2025 结构设计订单 '!$B:$B,'2025 结构设计订单 '!K:K))=0," ",_xlfn.XLOOKUP($C11,'2025 结构设计订单 '!$B:$B,'2025 结构设计订单 '!K:K)) | M11: =IF((_xlfn.XLOOKUP($C11,'2025 结构设计订单 '!$B:$B,'2025 结构设计订单 '!M:M))=0," ",_xlfn.XLOOKUP($C11,'2025 结构设计订单 '!$B:$B,'2025 结构设计订单 '!M:M)) -> 45793 | N11: =IF((_xlfn.XLOOKUP($C11,'2025 结构设计订单 '!$B:$B,'2025 结构设计订单 '!N:N))=0," ",_xlfn.XLOOKUP($C11,'2025 结构设计订单 '!$B:$B,'2025 结构设计订单 '!N:N))
B12: 17 | C12: ='2025 结构设计订单 '!B61 -> 813099-813100 | D12: ='2025 结构设计订单 '!C61 -> 160 | E12: ='2025 结构设计订单 '!D61 -> 220 | F12: ='2025 结构设计订单 '!E61 -> 匈牙利Hungary_PV park Sihalom | G12: ='2025 结构设计订单 '!F61 -> 出口 | H12: ='2025 结构设计订单 '!G61 -> 2 | I12: =IF((_xlfn.XLOOKUP($C12,'2025 结构设计订单 '!$B:$B,'2025 结构设计订单 '!H:H))=0," ",_xlfn.XLOOKUP($C12,'2025 结构设计订单 '!$B:$B,'2025 结构设计订单 '!H:H)) -> 陈振东 | J12: =IF((_xlfn.XLOOKUP($C12,'2025 结构设计订单 '!$B:$B,'2025 结构设计订单 '!I:I))=0," ",_xlfn.XLOOKUP($C12,'2025 结构设计订单 '!$B:$B,'2025 结构设计订单 '!I:I)) -> 司林杰 | K12: =IF((_xlfn.XLOOKUP($C12,'2025 结构设计订单 '!$B:$B,'2025 结构设计订单 '!J:J))=0," ",_xlfn.XLOOKUP($C12,'2025 结构设计订单 '!$B:$B,'2025 结构设计订单 '!J:J)) -> 45792 | L12: =IF((_xlfn.XLOOKUP($C12,'2025 结构设计订单 '!$B:$B,'2025 结构设计订单 '!K:K))=0," ",_xlfn.XLOOKUP($C12,'2025 结构设计订单 '!$B:$B,'2025 结构设计订单 '!K:K)) | M12: =IF((_xlfn.XLOOKUP($C12,'2025 结构设计订单 '!$B:$B,'2025 结构设计订单 '!M:M))=0," ",_xlfn.XLOOKUP($C12,'2025 结构设计订单 '!$B:$B,'2025 结构设计订单 '!M:M)) -> 45775 | N12: =IF((_xlfn.XLOOKUP($C12,'2025 结构设计订单 '!$B:$B,'2025 结构设计订单 '!N:N))=0," ",_xlfn.XLOOKUP($C12,'2025 结构设计订单 '!$B:$B,'2025 结构设计订单 '!N:N))
B13: 18 | C13: ='2025 结构设计订单 '!B62 -> 813097-813098 | D13: ='2025 结构设计订单 '!C62 -> 130 | E13: ='2025 结构设计订单 '!D62 -> 220 | F13: ='2025 结构设计订单 '!E62 -> 秘鲁 Peru _Caraveli | G13: ='2025 结构设计订单 '!F62 -> 出口 | H13: ='2025 结构设计订单 '!G62 -> 2 | I13: =IF((_xlfn.XLOOKUP($C13,'2025 结构设计订单 '!$B:$B,'2025 结构设计订单 '!H:H))=0," ",_xlfn.XLOOKUP($C13,'2025 结构设计订单 '!$B:$B,'2025 结构设计订单 '!H:H)) -> 高伟廷 | J13: =IF((_xlfn.XLOOKUP($C13,'2025 结构设计订单 '!$B:$B,'2025 结构设计订单 '!I:I))=0," ",_xlfn.XLOOKUP($C13,'2025 结构设计订单 '!$B:$B,'2025 结构设计订单 '!I:I)) -> 王芳 | K13: =IF((_xlfn.XLOOKUP($C13,'2025 结构设计订单 '!$B:$B,'2025 结构设计订单 '!J:J))=0," ",_xlfn.XLOOKUP($C13,'2025 结构设计订单 '!$B:$B,'2025 结构设计订单 '!J:J)) -> 45792 | L13: =IF((_xlfn.XLOOKUP($C13,'2025 结构设计订单 '!$B:$B,'2025 结构设计订单 '!K:K))=0," ",_xlfn.XLOOKUP($C13,'2025 结构设计订单 '!$B:$B,'2025 结构设计订单 '!K:K)) | M13: =IF((_xlfn.XLOOKUP($C13,'2025 结构设计订单 '!$B:$B,'2025 结构设计订单 '!M:M))=0," ",_xlfn.XLOOKUP($C13,'2025 结构设计订单 '!$B:$B,'2025 结构设计订单 '!M:M)) | N13: =IF((_xlfn.XLOOKUP($C13,'2025 结构设计订单 '!$B:$B,'2025 结构设计订单 '!N:N))=0," ",_xlfn.XLOOKUP($C13,'2025 结构设计订单 '!$B:$B,'2025 结构设计订单 '!N:N))
B14: 19 | C14: ='2025 结构设计订单 '!B63 -> 813161-813162 | D14: ='2025 结构设计订单 '!C63 -> 160 | E14: ='2025 结构设计订单 '!D63 -> 400 | F14: ='2025 结构设计订单 '!E63 -> Romania Saceni | G14: ='2025 结构设计订单 '!F63 -> 出口 | H14: ='2025 结构设计订单 '!G63 -> 2 | I14: =IF((_xlfn.XLOOKUP($C14,'2025 结构设计订单 '!$B:$B,'2025 结构设计订单 '!H:H))=0," ",_xlfn.XLOOKUP($C14,'2025 结构设计订单 '!$B:$B,'2025 结构设计订单 '!H:H)) -> 戚彬 | J14: =IF((_xlfn.XLOOKUP($C14,'2025 结构设计订单 '!$B:$B,'2025 结构设计订单 '!I:I))=0," ",_xlfn.XLOOKUP($C14,'2025 结构设计订单 '!$B:$B,'2025 结构设计订单 '!I:I)) -> 王芳 | K14: =IF((_xlfn.XLOOKUP($C14,'2025 结构设计订单 '!$B:$B,'2025 结构设计订单 '!J:J))=0," ",_xlfn.XLOOKUP($C14,'2025 结构设计订单 '!$B:$B,'2025 结构设计订单 '!J:J)) -> 45798 | L14: =IF((_xlfn.XLOOKUP($C14,'2025 结构设计订单 '!$B:$B,'2025 结构设计订单 '!K:K))=0," ",_xlfn.XLOOKUP($C14,'2025 结构设计订单 '!$B:$B,'2025 结构设计订单 '!K:K)) | M14: =IF((_xlfn.XLOOKUP($C14,'2025 结构设计订单 '!$B:$B,'2025 结构设计订单 '!M:M))=0," ",_xlfn.XLOOKUP($C14,'2025 结构设计订单 '!$B:$B,'2025 结构设计订单 '!M:M)) | N14: =IF((_xlfn.XLOOKUP($C14,'2025 结构设计订单 '!$B:$B,'2025 结构设计订单 '!N:N))=0," ",_xlfn.XLOOKUP($C14,'2025 结构设计订单 '!$B:$B,'2025 结构设计订单 '!N:N))
B15: 2 | C15: ='2025 结构设计订单 '!B64 -> 813155-813156 | D15: ='2025 结构设计订单 '!C64 -> 120MVAr | E15: ='2025 结构设计订单 '!D64 -> 500 | F15: ='2025 结构设计订单 '!E64 -> Vienam_CPMB_Shunt Reactor | G15: ='2025 结构设计订单 '!F64 -> 出口 | H15: ='2025 结构设计订单 '!G64 -> 2 | I15: =IF((_xlfn.XLOOKUP($C15,'2025 结构设计订单 '!$B:$B,'2025 结构设计订单 '!H:H))=0," ",_xlfn.XLOOKUP($C15,'2025 结构设计订单 '!$B:$B,'2025 结构设计订单 '!H:H)) -> 郭运波 | J15: =IF((_xlfn.XLOOKUP($C15,'2025 结构设计订单 '!$B:$B,'2025 结构设计订单 '!I:I))=0," ",_xlfn.XLOOKUP($C15,'2025 结构设计订单 '!$B:$B,'2025 结构设计订单 '!I:I)) -> 董立乔 | K15: =IF((_xlfn.XLOOKUP($C15,'2025 结构设计订单 '!$B:$B,'2025 结构设计订单 '!J:J))=0," ",_xlfn.XLOOKUP($C15,'2025 结构设计订单 '!$B:$B,'2025 结构设计订单 '!J:J)) -> 45810 | L15: =IF((_xlfn.XLOOKUP($C15,'2025 结构设计订单 '!$B:$B,'2025 结构设计订单 '!K:K))=0," ",_xlfn.XLOOKUP($C15,'2025 结构设计订单 '!$B:$B,'2025 结构设计订单 '!K:K)) | M15: =IF((_xlfn.XLOOKUP($C15,'2025 结构设计订单 '!$B:$B,'2025 结构设计订单 '!M:M))=0," ",_xlfn.XLOOKUP($C15,'2025 结构设计订单 '!$B:$B,'2025 结构设计订单 '!M:M)) -> 45821 | N15: =IF((_xlfn.XLOOKUP($C15,'2025 结构设计订单 '!$B:$B,'2025 结构设计订单 '!N:N))=0," ",_xlfn.XLOOKUP($C15,'2025 结构设计订单 '!$B:$B,'2025 结构设计订单 '!N:N))
B16: 3 | C16: ='2025 结构设计订单 '!B65 -> 813175-813177 | D16: ='2025 结构设计订单 '!C65 -> 334 | E16: ='2025 结构设计订单 '!D65 -> 500 | F16: ='2025 结构设计订单 '!E65 -> 山东官亭500千伏变电站 | G16: ='2025 结构设计订单 '!F65 -> 国内 | H16: ='2025 结构设计订单 '!G65 -> 3 | I16: =IF((_xlfn.XLOOKUP($C16,'2025 结构设计订单 '!$B:$B,'2025 结构设计订单 '!H:H))=0," ",_xlfn.XLOOKUP($C16,'2025 结构设计订单 '!$B:$B,'2025 结构设计订单 '!H:H)) -> 郑瑞阳 | J16: =IF((_xlfn.XLOOKUP($C16,'2025 结构设计订单 '!$B:$B,'2025 结构设计订单 '!I:I))=0," ",_xlfn.XLOOKUP($C16,'2025 结构设计订单 '!$B:$B,'2025 结构设计订单 '!I:I)) -> 董立乔 | K16: =IF((_xlfn.XLOOKUP($C16,'2025 结构设计订单 '!$B:$B,'2025 结构设计订单 '!J:J))=0," ",_xlfn.XLOOKUP($C16,'2025 结构设计订单 '!$B:$B,'2025 结构设计订单 '!J:J)) -> 45812 | L16: =IF((_xlfn.XLOOKUP($C16,'2025 结构设计订单 '!$B:$B,'2025 结构设计订单 '!K:K))=0," ",_xlfn.XLOOKUP($C16,'2025 结构设计订单 '!$B:$B,'2025 结构设计订单 '!K:K)) | M16: =IF((_xlfn.XLOOKUP($C16,'2025 结构设计订单 '!$B:$B,'2025 结构设计订单 '!M:M))=0," ",_xlfn.XLOOKUP($C16,'2025 结构设计订单 '!$B:$B,'2025 结构设计订单 '!M:M)) -> 45828 | N16: =IF((_xlfn.XLOOKUP($C16,'2025 结构设计订单 '!$B:$B,'2025 结构设计订单 '!N:N))=0," ",_xlfn.XLOOKUP($C16,'2025 结构设计订单 '!$B:$B,'2025 结构设计订单 '!N:N))
B17: 4 | C17: ='2025 结构设计订单 '!B66 -> 813178-813180 | D17: ='2025 结构设计订单 '!C66 -> 334 | E17: ='2025 结构设计订单 '!D66 -> 500 | F17: ='2025 结构设计订单 '!E66 -> 山东济南500千伏主变增容工程 | G17: ='2025 结构设计订单 '!F66 -> 国内 | H17: ='2025 结构设计订单 '!G66 -> 3 | I17: =IF((_xlfn.XLOOKUP($C17,'2025 结构设计订单 '!$B:$B,'2025 结构设计订单 '!H:H))=0," ",_xlfn.XLOOKUP($C17,'2025 结构设计订单 '!$B:$B,'2025 结构设计订单 '!H:H)) -> 郑瑞阳 | J17: =IF((_xlfn.XLOOKUP($C17,'2025 结构设计订单 '!$B:$B,'2025 结构设计订单 '!I:I))=0," ",_xlfn.XLOOKUP($C17,'2025 结构设计订单 '!$B:$B,'2025 结构设计订单 '!I:I)) -> 董立乔 | K17: =IF((_xlfn.XLOOKUP($C17,'2025 结构设计订单 '!$B:$B,'2025 结构设计订单 '!J:J))=0," ",_xlfn.XLOOKUP($C17,'2025 结构设计订单 '!$B:$B,'2025 结构设计订单 '!J:J)) -> 45814 | L17: =IF((_xlfn.XLOOKUP($C17,'2025 结构设计订单 '!$B:$B,'2025 结构设计订单 '!K:K))=0," ",_xlfn.XLOOKUP($C17,'2025 结构设计订单 '!$B:$B,'2025 结构设计订单 '!K:K)) | M17: =IF((_xlfn.XLOOKUP($C17,'2025 结构设计订单 '!$B:$B,'2025 结构设计订单 '!M:M))=0," ",_xlfn.XLOOKUP($C17,'2025 结构设计订单 '!$B:$B,'2025 结构设计订单 '!M:M)) -> 45841 | N17: =IF((_xlfn.XLOOKUP($C17,'2025 结构设计订单 '!$B:$B,'2025 结构设计订单 '!N:N))=0," ",_xlfn.XLOOKUP($C17,'2025 结构设计订单 '!$B:$B,'2025 结构设计订单 '!N:N))
B18: 10 | C18: ='2025 结构设计订单 '!B67 -> 813133 | D18: ='2025 结构设计订单 '!C67 -> 220 | E18: ='2025 结构设计订单 '!D67 -> 154 | F18: ='2025 结构设计订单 '!E67 -> Chile PV Gran Teno | G18: ='2025 结构设计订单 '!F67 -> 出口 | H18: ='2025 结构设计订单 '!G67 -> 1 | I18: =IF((_xlfn.XLOOKUP($C18,'2025 结构设计订单 '!$B:$B,'2025 结构设计订单 '!H:H))=0," ",_xlfn.XLOOKUP($C18,'2025 结构设计订单 '!$B:$B,'2025 结构设计订单 '!H:H)) -> 李咏梅 | J18: =IF((_xlfn.XLOOKUP($C18,'2025 结构设计订单 '!$B:$B,'2025 结构设计订单 '!I:I))=0," ",_xlfn.XLOOKUP($C18,'2025 结构设计订单 '!$B:$B,'2025 结构设计订单 '!I:I)) -> 王芳 | K18: =IF((_xlfn.XLOOKUP($C18,'2025 结构设计订单 '!$B:$B,'2025 结构设计订单 '!J:J))=0," ",_xlfn.XLOOKUP($C18,'2025 结构设计订单 '!$B:$B,'2025 结构设计订单 '!J:J)) -> 45823 | L18: =IF((_xlfn.XLOOKUP($C18,'2025 结构设计订单 '!$B:$B,'2025 结构设计订单 '!K:K))=0," ",_xlfn.XLOOKUP($C18,'2025 结构设计订单 '!$B:$B,'2025 结构设计订单 '!K:K)) | M18: =IF((_xlfn.XLOOKUP($C18,'2025 结构设计订单 '!$B:$B,'2025 结构设计订单 '!M:M))=0," ",_xlfn.XLOOKUP($C18,'2025 结构设计订单 '!$B:$B,'2025 结构设计订单 '!M:M)) | N18: =IF((_xlfn.XLOOKUP($C18,'2025 结构设计订单 '!$B:$B,'2025 结构设计订单 '!N:N))=0," ",_xlfn.XLOOKUP($C18,'2025 结构设计订单 '!$B:$B,'2025 结构设计订单 '!N:N))
B19: 23 | C19: ='2025 结构设计订单 '!B70 -> 813170 | D19: ='2025 结构设计订单 '!C70 -> 333 | E19: ='2025 结构设计订单 '!D70 -> 500 | F19: ='2025 结构设计订单 '!E70 -> Philippines | G19: ='2025 结构设计订单 '!F70 -> 出口 | H19: ='2025 结构设计订单 '!G70 -> 4 | I19: =IF((_xlfn.XLOOKUP($C19,'2025 结构设计订单 '!$B:$B,'2025 结构设计订单 '!H:H))=0," ",_xlfn.XLOOKUP($C19,'2025 结构设计订单 '!$B:$B,'2025 结构设计订单 '!H:H)) -> 郭运波 | J19: =IF((_xlfn.XLOOKUP($C19,'2025 结构设计订单 '!$B:$B,'2025 结构设计订单 '!I:I))=0," ",_xlfn.XLOOKUP($C19,'2025 结构设计订单 '!$B:$B,'2025 结构设计订单 '!I:I)) -> 司林杰 | K19: =IF((_xlfn.XLOOKUP($C19,'2025 结构设计订单 '!$B:$B,'2025 结构设计订单 '!J:J))=0," ",_xlfn.XLOOKUP($C19,'2025 结构设计订单 '!$B:$B,'2025 结构设计订单 '!J:J)) -> 45828 | L19: =IF((_xlfn.XLOOKUP($C19,'2025 结构设计订单 '!$B:$B,'2025 结构设计订单 '!K:K))=0," ",_xlfn.XLOOKUP($C19,'2025 结构设计订单 '!$B:$B,'2025 结构设计订单 '!K:K)) | M19: =IF((_xlfn.XLOOKUP($C19,'2025 结构设计订单 '!$B:$B,'2025 结构设计订单 '!M:M))=0," ",_xlfn.XLOOKUP($C19,'2025 结构设计订单 '!$B:$B,'2025 结构设计订单 '!M:M)) -> 45834 | N19: =IF((_xlfn.XLOOKUP($C19,'2025 结构设计订单 '!$B:$B,'2025 结构设计订单 '!N:N))=0," ",_xlfn.XLOOKUP($C19,'2025 结构设计订单 '!$B:$B,'2025 结构设计订单 '!N:N))
B20: 12 | C20: ='2025 结构设计订单 '!B71 -> 813159 | D20: ='2025 结构设计订单 '!C71 -> 210 | E20: ='2025 结构设计订单 '!D71 -> 550 | F20: ='2025 结构设计订单 '!E71 -> 沙特SEC电抗器中变 | G20: ='2025 结构设计订单 '!F71 -> 出口 | H20: ='2025 结构设计订单 '!G71 -> 1 | I20: =IF((_xlfn.XLOOKUP($C20,'2025 结构设计订单 '!$B:$B,'2025 结构设计订单 '!H:H))=0," ",_xlfn.XLOOKUP($C20,'2025 结构设计订单 '!$B:$B,'2025 结构设计订单 '!H:H)) -> 李咏梅 | J20: =IF((_xlfn.XLOOKUP($C20,'2025 结构设计订单 '!$B:$B,'2025 结构设计订单 '!I:I))=0," ",_xlfn.XLOOKUP($C20,'2025 结构设计订单 '!$B:$B,'2025 结构设计订单 '!I:I)) -> 董立乔 | K20: =IF((_xlfn.XLOOKUP($C20,'2025 结构设计订单 '!$B:$B,'2025 结构设计订单 '!J:J))=0," ",_xlfn.XLOOKUP($C20,'2025 结构设计订单 '!$B:$B,'2025 结构设计订单 '!J:J)) -> 45833 | L20: =IF((_xlfn.XLOOKUP($C20,'2025 结构设计订单 '!$B:$B,'2025 结构设计订单 '!K:K))=0," ",_xlfn.XLOOKUP($C20,'2025 结构设计订单 '!$B:$B,'2025 结构设计订单 '!K:K)) | M20: =IF((_xlfn.XLOOKUP($C20,'2025 结构设计订单 '!$B:$B,'2025 结构设计订单 '!M:M))=0," ",_xlfn.XLOOKUP($C20,'2025 结构设计订单 '!$B:$B,'2025 结构设计订单 '!M:M)) | N20: =IF((_xlfn.XLOOKUP($C20,'2025 结构设计订单 '!$B:$B,'2025 结构设计订单 '!N:N))=0," ",_xlfn.XLOOKUP($C20,'2025 结构设计订单 '!$B:$B,'2025 结构设计订单 '!N:N))
B21: 30 | C21: ='2025 结构设计订单 '!B72 -> 813153 | D21: ='2025 结构设计订单 '!C72 -> 250 | E21: ='2025 结构设计订单 '!D72 -> 220 | F21: ='2025 结构设计订单 '!E72 -> Chile | G21: ='2025 结构设计订单 '!F72 -> 出口 | H21: ='2025 结构设计订单 '!G72 -> 1 | I21: =IF((_xlfn.XLOOKUP($C21,'2025 结构设计订单 '!$B:$B,'2025 结构设计订单 '!H:H))=0," ",_xlfn.XLOOKUP($C21,'2025 结构设计订单 '!$B:$B,'2025 结构设计订单 '!H:H)) -> 李咏梅 | J21: =IF((_xlfn.XLOOKUP($C21,'2025 结构设计订单 '!$B:$B,'2025 结构设计订单 '!I:I))=0," ",_xlfn.XLOOKUP($C21,'2025 结构设计订单 '!$B:$B,'2025 结构设计订单 '!I:I)) -> 司林杰 | K21: =IF((_xlfn.XLOOKUP($C21,'2025 结构设计订单 '!$B:$B,'2025 结构设计订单 '!J:J))=0," ",_xlfn.XLOOKUP($C21,'2025 结构设计订单 '!$B:$B,'2025 结构设计订单 '!J:J)) -> 45835 | L21: =IF((_xlfn.XLOOKUP($C21,'2025 结构设计订单 '!$B:$B,'2025 结构设计订单 '!K:K))=0," ",_xlfn.XLOOKUP($C21,'2025 结构设计订单 '!$B:$B,'2025 结构设计订单 '!K:K)) | M21: =IF((_xlfn.XLOOKUP($C21,'2025 结构设计订单 '!$B:$B,'2025 结构设计订单 '!M:M))=0," ",_xlfn.XLOOKUP($C21,'2025 结构设计订单 '!$B:$B,'2025 结构设计订单 '!M:M)) -> 45819 | N21: =IF((_xlfn.XLOOKUP($C21,'2025 结构设计订单 '!$B:$B,'2025 结构设计订单 '!N:N))=0," ",_xlfn.XLOOKUP($C21,'2025 结构设计订单 '!$B:$B,'2025 结构设计订单 '!N:N))
B22: 31 | C22: ='2025 结构设计订单 '!B73 -> 813095-813096 | D22: ='2025 结构设计订单 '!C73 -> 450 | E22: ='2025 结构设计订单 '!D73 -> 400 | F22: ='2025 结构设计订单 '!E73 -> 葡萄牙REN | G22: ='2025 结构设计订单 '!F73 -> 出口 | H22: ='2025 结构设计订单 '!G73 -> 3 | I22: =IF((_xlfn.XLOOKUP($C22,'2025 结构设计订单 '!$B:$B,'2025 结构设计订单 '!H:H))=0," ",_xlfn.XLOOKUP($C22,'2025 结构设计订单 '!$B:$B,'2025 结构设计订单 '!H:H)) -> 陈振东 | J22: =IF((_xlfn.XLOOKUP($C22,'2025 结构设计订单 '!$B:$B,'2025 结构设计订单 '!I:I))=0," ",_xlfn.XLOOKUP($C22,'2025 结构设计订单 '!$B:$B,'2025 结构设计订单 '!I:I)) -> 王芳 | K22: =IF((_xlfn.XLOOKUP($C22,'2025 结构设计订单 '!$B:$B,'2025 结构设计订单 '!J:J))=0," ",_xlfn.XLOOKUP($C22,'2025 结构设计订单 '!$B:$B,'2025 结构设计订单 '!J:J)) -> 45838 | L22: =IF((_xlfn.XLOOKUP($C22,'2025 结构设计订单 '!$B:$B,'2025 结构设计订单 '!K:K))=0," ",_xlfn.XLOOKUP($C22,'2025 结构设计订单 '!$B:$B,'2025 结构设计订单 '!K:K)) | M22: =IF((_xlfn.XLOOKUP($C22,'2025 结构设计订单 '!$B:$B,'2025 结构设计订单 '!M:M))=0," ",_xlfn.XLOOKUP($C22,'2025 结构设计订单 '!$B:$B,'2025 结构设计订单 '!M:M)) -> 45838 | N22: =IF((_xlfn.XLOOKUP($C22,'2025 结构设计订单 '!$B:$B,'2025 结构设计订单 '!N:N))=0," ",_xlfn.XLOOKUP($C22,'2025 结构设计订单 '!$B:$B,'2025 结构设计订单 '!N:N))
B23: 22 | C23: ='2025 结构设计订单 '!B74 -> 813028 | D23: ='2025 结构设计订单 '!C74 -> 165 | E23: ='2025 结构设计订单 '!D74 -> 330 | F23: ='2025 结构设计订单 '!E74 -> Nigeria Brownfield | G23: ='2025 结构设计订单 '!F74 -> 出口 | H23: ='2025 结构设计订单 '!G74 -> 1 | I23: =IF((_xlfn.XLOOKUP($C23,'2025 结构设计订单 '!$B:$B,'2025 结构设计订单 '!H:H))=0," ",_xlfn.XLOOKUP($C23,'2025 结构设计订单 '!$B:$B,'2025 结构设计订单 '!H:H)) -> 李红杰 | J23: =IF((_xlfn.XLOOKUP($C23,'2025 结构设计订单 '!$B:$B,'2025 结构设计订单 '!I:I))=0," ",_xlfn.XLOOKUP($C23,'2025 结构设计订单 '!$B:$B,'2025 结构设计订单 '!I:I)) -> 司林杰 | K23: =IF((_xlfn.XLOOKUP($C23,'2025 结构设计订单 '!$B:$B,'2025 结构设计订单 '!J:J))=0," ",_xlfn.XLOOKUP($C23,'2025 结构设计订单 '!$B:$B,'2025 结构设计订单 '!J:J)) -> 45842 | L23: =IF((_xlfn.XLOOKUP($C23,'2025 结构设计订单 '!$B:$B,'2025 结构设计订单 '!K:K))=0," ",_xlfn.XLOOKUP($C23,'2025 结构设计订单 '!$B:$B,'2025 结构设计订单 '!K:K)) | M23: =IF((_xlfn.XLOOKUP($C23,'2025 结构设计订单 '!$B:$B,'2025 结构设计订单 '!M:M))=0," ",_xlfn.XLOOKUP($C23,'2025 结构设计订单 '!$B:$B,'2025 结构设计订单 '!M:M)) -> 45842 | N23: =IF((_xlfn.XLOOKUP($C23,'2025 结构设计订单 '!$B:$B,'2025 结构设计订单 '!N:N))=0," ",_xlfn.XLOOKUP($C23,'2025 结构设计订单 '!$B:$B,'2025 结构设计订单 '!N:N))
B24: 32 | C24: ='2025 结构设计订单 '!B74 -> 813028 | D24: ='2025 结构设计订单 '!C74 -> 165 | E24: ='2025 结构设计订单 '!D74 -> 330 | F24: ='2025 结构设计订单 '!E74 -> Nigeria Brownfield | G24: ='2025 结构设计订单 '!F74 -> 出口 | H24: ='2025 结构设计订单 '!G74 -> 1 | I24: =IF((_xlfn.XLOOKUP($C24,'2025 结构设计订单 '!$B:$B,'2025 结构设计订单 '!H:H))=0," ",_xlfn.XLOOKUP($C24,'2025 结构设计订单 '!$B:$B,'2025 结构设计订单 '!H:H)) -> 李红杰 | J24: =IF((_xlfn.XLOOKUP($C24,'2025 结构设计订单 '!$B:$B,'2025 结构设计订单 '!I:I))=0," ",_xlfn.XLOOKUP($C24,'2025 结构设计订单 '!$B:$B,'2025 结构设计订单 '!I:I)) -> 司林杰 | K24: =IF((_xlfn.XLOOKUP($C24,'2025 结构设计订单 '!$B:$B,'2025 结构设计订单 '!J:J))=0," ",_xlfn.XLOOKUP($C24,'2025 结构设计订单 '!$B:$B,'2025 结构设计订单 '!J:J)) -> 45842 | L24: =IF((_xlfn.XLOOKUP($C24,'2025 结构设计订单 '!$B:$B,'2025 结构设计订单 '!K:K))=0," ",_xlfn.XLOOKUP($C24,'2025 结构设计订单 '!$B:$B,'2025 结构设计订单 '!K:K)) | M24: =IF((_xlfn.XLOOKUP($C24,'2025 结构设计订单 '!$B:$B,'2025 结构设计订单 '!M:M))=0," ",_xlfn.XLOOKUP($C24,'2025 结构设计订单 '!$B:$B,'2025 结构设计订单 '!M:M)) -> 45842 | N24: =IF((_xlfn.XLOOKUP($C24,'2025 结构设计订单 '!$B:$B,'2025 结构设计订单 '!N:N))=0," ",_xlfn.XLOOKUP($C24,'2025 结构设计订单 '!$B:$B,'2025 结构设计订单 '!N:N))
B25: 25 | C25: ='2025 结构设计订单 '!B75 -> 813191-813193 | D25: ='2025 结构设计订单 '!C75 -> 30MVAr | E25: ='2025 结构设计订单 '!D75 -> 230 | F25: ='2025 结构设计订单 '!E75 -> 霞浦B区陆上集控站 | G25: ='2025 结构设计订单 '!F75 -> 国内 | H25: ='2025 结构设计订单 '!G75 -> 2 | I25: =IF((_xlfn.XLOOKUP($C25,'2025 结构设计订单 '!$B:$B,'2025 结构设计订单 '!H:H))=0," ",_xlfn.XLOOKUP($C25,'2025 结构设计订单 '!$B:$B,'2025 结构设计订单 '!H:H)) -> 戚彬 | J25: =IF((_xlfn.XLOOKUP($C25,'2025 结构设计订单 '!$B:$B,'2025 结构设计订单 '!I:I))=0," ",_xlfn.XLOOKUP($C25,'2025 结构设计订单 '!$B:$B,'2025 结构设计订单 '!I:I)) -> 董立乔 | K25: =IF((_xlfn.XLOOKUP($C25,'2025 结构设计订单 '!$B:$B,'2025 结构设计订单 '!J:J))=0," ",_xlfn.XLOOKUP($C25,'2025 结构设计订单 '!$B:$B,'2025 结构设计订单 '!J:J)) -> 45848 | L25: =IF((_xlfn.XLOOKUP($C25,'2025 结构设计订单 '!$B:$B,'2025 结构设计订单 '!K:K))=0," ",_xlfn.XLOOKUP($C25,'2025 结构设计订单 '!$B:$B,'2025 结构设计订单 '!K:K)) | M25: =IF((_xlfn.XLOOKUP($C25,'2025 结构设计订单 '!$B:$B,'2025 结构设计订单 '!M:M))=0," ",_xlfn.XLOOKUP($C25,'2025 结构设计订单 '!$B:$B,'2025 结构设计订单 '!M:M)) -> 45848 | N25: =IF((_xlfn.XLOOKUP($C25,'2025 结构设计订单 '!$B:$B,'2025 结构设计订单 '!N:N))=0," ",_xlfn.XLOOKUP($C25,'2025 结构设计订单 '!$B:$B,'2025 结构设计订单 '!N:N))
B26: 27 | C26: ='2025 结构设计订单 '!B76 -> 813111~813113 | D26: ='2025 结构设计订单 '!C76 -> 280 | E26: ='2025 结构设计订单 '!D76 -> 400 | F26: ='2025 结构设计订单 '!E76 -> UK_Statera Energy Framework | G26: ='2025 结构设计订单 '!F76 -> 出口 | H26: ='2025 结构设计订单 '!G76 -> 3 | I26: =IF((_xlfn.XLOOKUP($C26,'2025 结构设计订单 '!$B:$B,'2025 结构设计订单 '!H:H))=0," ",_xlfn.XLOOKUP($C26,'2025 结构设计订单 '!$B:$B,'2025 结构设计订单 '!H:H)) -> 李咏梅 | J26: =IF((_xlfn.XLOOKUP($C26,'2025 结构设计订单 '!$B:$B,'2025 结构设计订单 '!I:I))=0," ",_xlfn.XLOOKUP($C26,'2025 结构设计订单 '!$B:$B,'2025 结构设计订单 '!I:I)) -> 王芳 | K26: =IF((_xlfn.XLOOKUP($C26,'2025 结构设计订单 '!$B:$B,'2025 结构设计订单 '!J:J))=0," ",_xlfn.XLOOKUP($C26,'2025 结构设计订单 '!$B:$B,'2025 结构设计订单 '!J:J)) -> 45848 | L26: =IF((_xlfn.XLOOKUP($C26,'2025 结构设计订单 '!$B:$B,'2025 结构设计订单 '!K:K))=0," ",_xlfn.XLOOKUP($C26,'2025 结构设计订单 '!$B:$B,'2025 结构设计订单 '!K:K)) | M26: =IF((_xlfn.XLOOKUP($C26,'2025 结构设计订单 '!$B:$B,'2025 结构设计订单 '!M:M))=0," ",_xlfn.XLOOKUP($C26,'2025 结构设计订单 '!$B:$B,'2025 结构设计订单 '!M:M)) -> 45849 | N26: =IF((_xlfn.XLOOKUP($C26,'2025 结构设计订单 '!$B:$B,'2025 结构设计订单 '!N:N))=0," ",_xlfn.XLOOKUP($C26,'2025 结构设计订单 '!$B:$B,'2025 结构设计订单 '!N:N))
B27: 28 | C27: ='2025 结构设计订单 '!B77 -> 813072-813073 | D27: ='2025 结构设计订单 '!C77 -> 140 | E27: ='2025 结构设计订单 '!D77 -> 400 | F27: ='2025 结构设计订单 '!E77 -> Romania | G27: ='2025 结构设计订单 '!F77 -> 出口 | H27: ='2025 结构设计订单 '!G77 -> 2 | I27: =IF((_xlfn.XLOOKUP($C27,'2025 结构设计订单 '!$B:$B,'2025 结构设计订单 '!H:H))=0," ",_xlfn.XLOOKUP($C27,'2025 结构设计订单 '!$B:$B,'2025 结构设计订单 '!H:H)) -> 郭运波 | J27: =IF((_xlfn.XLOOKUP($C27,'2025 结构设计订单 '!$B:$B,'2025 结构设计订单 '!I:I))=0," ",_xlfn.XLOOKUP($C27,'2025 结构设计订单 '!$B:$B,'2025 结构设计订单 '!I:I)) -> 司林杰 | K27: =IF((_xlfn.XLOOKUP($C27,'2025 结构设计订单 '!$B:$B,'2025 结构设计订单 '!J:J))=0," ",_xlfn.XLOOKUP($C27,'2025 结构设计订单 '!$B:$B,'2025 结构设计订单 '!J:J)) -> 45848 | L27: =IF((_xlfn.XLOOKUP($C27,'2025 结构设计订单 '!$B:$B,'2025 结构设计订单 '!K:K))=0," ",_xlfn.XLOOKUP($C27,'2025 结构设计订单 '!$B:$B,'2025 结构设计订单 '!K:K)) | M27: =IF((_xlfn.XLOOKUP($C27,'2025 结构设计订单 '!$B:$B,'2025 结构设计订单 '!M:M))=0," ",_xlfn.XLOOKUP($C27,'2025 结构设计订单 '!$B:$B,'2025 结构设计订单 '!M:M)) -> 45828 | N27: =IF((_xlfn.XLOOKUP($C27,'2025 结构设计订单 '!$B:$B,'2025 结构设计订单 '!N:N))=0," ",_xlfn.XLOOKUP($C27,'2025 结构设计订单 '!$B:$B,'2025 结构设计订单 '!N:N))
B28: 33 | C28: ='2025 结构设计订单 '!B75 -> 813191-813193 | D28: ='2025 结构设计订单 '!C75 -> 30MVAr | E28: ='2025 结构设计订单 '!D75 -> 230 | F28: ='2025 结构设计订单 '!E75 -> 霞浦B区陆上集控站 | G28: ='2025 结构设计订单 '!F75 -> 国内 | H28: ='2025 结构设计订单 '!G75 -> 2 | I28: =IF((_xlfn.XLOOKUP($C28,'2025 结构设计订单 '!$B:$B,'2025 结构设计订单 '!H:H))=0," ",_xlfn.XLOOKUP($C28,'2025 结构设计订单 '!$B:$B,'2025 结构设计订单 '!H:H)) -> 戚彬 | J28: =IF((_xlfn.XLOOKUP($C28,'2025 结构设计订单 '!$B:$B,'2025 结构设计订单 '!I:I))=0," ",_xlfn.XLOOKUP($C28,'2025 结构设计订单 '!$B:$B,'2025 结构设计订单 '!I:I)) -> 董立乔 | K28: =IF((_xlfn.XLOOKUP($C28,'2025 结构设计订单 '!$B:$B,'2025 结构设计订单 '!J:J))=0," ",_xlfn.XLOOKUP($C28,'2025 结构设计订单 '!$B:$B,'2025 结构设计订单 '!J:J)) -> 45848 | L28: =IF((_xlfn.XLOOKUP($C28,'2025 结构设计订单 '!$B:$B,'2025 结构设计订单 '!K:K))=0," ",_xlfn.XLOOKUP($C28,'2025 结构设计订单 '!$B:$B,'2025 结构设计订单 '!K:K)) | M28: =IF((_xlfn.XLOOKUP($C28,'2025 结构设计订单 '!$B:$B,'2025 结构设计订单 '!M:M))=0," ",_xlfn.XLOOKUP($C28,'2025 结构设计订单 '!$B:$B,'2025 结构设计订单 '!M:M)) -> 45848 | N28: =IF((_xlfn.XLOOKUP($C28,'2025 结构设计订单 '!$B:$B,'2025 结构设计订单 '!N:N))=0," ",_xlfn.XLOOKUP($C28,'2025 结构设计订单 '!$B:$B,'2025 结构设计订单 '!N:N))
B29: 34 | C29: ='2025 结构设计订单 '!B76 -> 813111~813113 | D29: ='2025 结构设计订单 '!C76 -> 280 | E29: ='2025 结构设计订单 '!D76 -> 400 | F29: ='2025 结构设计订单 '!E76 -> UK_Statera Energy Framework | G29: ='2025 结构设计订单 '!F76 -> 出口 | H29: ='2025 结构设计订单 '!G76 -> 3 | I29: =IF((_xlfn.XLOOKUP($C29,'2025 结构设计订单 '!$B:$B,'2025 结构设计订单 '!H:H))=0," ",_xlfn.XLOOKUP($C29,'2025 结构设计订单 '!$B:$B,'2025 结构设计订单 '!H:H)) -> 李咏梅 | J29: =IF((_xlfn.XLOOKUP($C29,'2025 结构设计订单 '!$B:$B,'2025 结构设计订单 '!I:I))=0," ",_xlfn.XLOOKUP($C29,'2025 结构设计订单 '!$B:$B,'2025 结构设计订单 '!I:I)) -> 王芳 | K29: =IF((_xlfn.XLOOKUP($C29,'2025 结构设计订单 '!$B:$B,'2025 结构设计订单 '!J:J))=0," ",_xlfn.XLOOKUP($C29,'2025 结构设计订单 '!$B:$B,'2025 结构设计订单 '!J:J)) -> 45848 | L29: =IF((_xlfn.XLOOKUP($C29,'2025 结构设计订单 '!$B:$B,'2025 结构设计订单 '!K:K))=0," ",_xlfn.XLOOKUP($C29,'2025 结构设计订单 '!$B:$B,'2025 结构设计订单 '!K:K)) | M29: =IF((_xlfn.XLOOKUP($C29,'2025 结构设计订单 '!$B:$B,'2025 结构设计订单 '!M:M))=0," ",_xlfn.XLOOKUP($C29,'2025 结构设计订单 '!$B:$B,'2025 结构设计订单 '!M:M)) -> 45849 | N29: =IF((_xlfn.XLOOKUP($C29,'2025 结构设计订单 '!$B:$B,'2025 结构设计订单 '!N:N))=0," ",_xlfn.XLOOKUP($C29,'2025 结构设计订单 '!$B:$B,'2025 结构设计订单 '!N:N))
B30: 35 | C30: ='2025 结构设计订单 '!B77 -> 813072-813073 | D30: ='2025 结构设计订单 '!C77 -> 140 | E30: ='2025 结构设计订单 '!D77 -> 400 | F30: ='2025 结构设计订单 '!E77 -> Romania | G30: ='2025 结构设计订单 '!F77 -> 出口 | H30: ='2025 结构设计订单 '!G77 -> 2 | I30: =IF((_xlfn.XLOOKUP($C30,'2025 结构设计订单 '!$B:$B,'2025 结构设计订单 '!H:H))=0," ",_xlfn.XLOOKUP($C30,'2025 结构设计订单 '!$B:$B,'2025 结构设计订单 '!H:H)) -> 郭运波 | J30: =IF((_xlfn.XLOOKUP($C30,'2025 结构设计订单 '!$B:$B,'2025 结构设计订单 '!I:I))=0," ",_xlfn.XLOOKUP($C30,'2025 结构设计订单 '!$B:$B,'2025 结构设计订单 '!I:I)) -> 司林杰 | K30: =IF((_xlfn.XLOOKUP($C30,'2025 结构设计订单 '!$B:$B,'2025 结构设计订单 '!J:J))=0," ",_xlfn.XLOOKUP($C30,'2025 结构设计订单 '!$B:$B,'2025 结构设计订单 '!J:J)) -> 45848 | L30: =IF((_xlfn.XLOOKUP($C30,'2025 结构设计订单 '!$B:$B,'2025 结构设计订单 '!K:K))=0," ",_xlfn.XLOOKUP($C30,'2025 结构设计订单 '!$B:$B,'2025 结构设计订单 '!K:K)) | M30: =IF((_xlfn.XLOOKUP($C30,'2025 结构设计订单 '!$B:$B,'2025 结构设计订单 '!M:M))=0," ",_xlfn.XLOOKUP($C30,'2025 结构设计订单 '!$B:$B,'2025 结构设计订单 '!M:M)) -> 45828 | N30: =IF((_xlfn.XLOOKUP($C30,'2025 结构设计订单 '!$B:$B,'2025 结构设计订单 '!N:N))=0," ",_xlfn.XLOOKUP($C30,'2025 结构设计订单 '!$B:$B,'2025 结构设计订单 '!N:N))
B31: 26 | C31: ='2025 结构设计订单 '!B78 -> 813168-813169 | D31: ='2025 结构设计订单 '!C78 -> 100 | E31: ='2025 结构设计订单 '!D78 -> 400 | F31: ='2025 结构设计订单 '!E78 -> Romania_Terpezita | G31: ='2025 结构设计订单 '!F78 -> 出口 | H31: ='2025 结构设计订单 '!G78 -> 2 | I31: =IF((_xlfn.XLOOKUP($C31,'2025 结构设计订单 '!$B:$B,'2025 结构设计订单 '!H:H))=0," ",_xlfn.XLOOKUP($C31,'2025 结构设计订单 '!$B:$B,'2025 结构设计订单 '!H:H)) -> 戚彬 | J31: =IF((_xlfn.XLOOKUP($C31,'2025 结构设计订单 '!$B:$B,'2025 结构设计订单 '!I:I))=0," ",_xlfn.XLOOKUP($C31,'2025 结构设计订单 '!$B:$B,'2025 结构设计订单 '!I:I)) -> 王芳 | K31: =IF((_xlfn.XLOOKUP($C31,'2025 结构设计订单 '!$B:$B,'2025 结构设计订单 '!J:J))=0," ",_xlfn.XLOOKUP($C31,'2025 结构设计订单 '!$B:$B,'2025 结构设计订单 '!J:J)) -> 45853 | L31: =IF((_xlfn.XLOOKUP($C31,'2025 结构设计订单 '!$B:$B,'2025 结构设计订单 '!K:K))=0," ",_xlfn.XLOOKUP($C31,'2025 结构设计订单 '!$B:$B,'2025 结构设计订单 '!K:K)) | M31: =IF((_xlfn.XLOOKUP($C31,'2025 结构设计订单 '!$B:$B,'2025 结构设计订单 '!M:M))=0," ",_xlfn.XLOOKUP($C31,'2025 结构设计订单 '!$B:$B,'2025 结构设计订单 '!M:M)) | N31: =IF((_xlfn.XLOOKUP($C31,'2025 结构设计订单 '!$B:$B,'2025 结构设计订单 '!N:N))=0," ",_xlfn.XLOOKUP($C31,'2025 结构设计订单 '!$B:$B,'2025 结构设计订单 '!N:N))
B32: 36 | C32: ='2025 结构设计订单 '!B78 -> 813168-813169 | D32: ='2025 结构设计订单 '!C78 -> 100 | E32: ='2025 结构设计订单 '!D78 -> 400 | F32: ='2025 结构设计订单 '!E78 -> Romania_Terpezita | G32: ='2025 结构设计订单 '!F78 -> 出口 | H32: ='2025 结构设计订单 '!G78 -> 2 | I32: =IF((_xlfn.XLOOKUP($C32,'2025 结构设计订单 '!$B:$B,'2025 结构设计订单 '!H:H))=0," ",_xlfn.XLOOKUP($C32,'2025 结构设计订单 '!$B:$B,'2025 结构设计订单 '!H:H)) -> 戚彬 | J32: =IF((_xlfn.XLOOKUP($C32,'2025 结构设计订单 '!$B:$B,'2025 结构设计订单 '!I:I))=0," ",_xlfn.XLOOKUP($C32,'2025 结构设计订单 '!$B:$B,'2025 结构设计订单 '!I:I)) -> 王芳 | K32: =IF((_xlfn.XLOOKUP($C32,'2025 结构设计订单 '!$B:$B,'2025 结构设计订单 '!J:J))=0," ",_xlfn.XLOOKUP($C32,'2025 结构设计订单 '!$B:$B,'2025 结构设计订单 '!J:J)) -> 45853 | L32: =IF((_xlfn.XLOOKUP($C32,'2025 结构设计订单 '!$B:$B,'2025 结构设计订单 '!K:K))=0," ",_xlfn.XLOOKUP($C32,'2025 结构设计订单 '!$B:$B,'2025 结构设计订单 '!K:K)) | M32: =IF((_xlfn.XLOOKUP($C32,'2025 结构设计订单 '!$B:$B,'2025 结构设计订单 '!M:M))=0," ",_xlfn.XLOOKUP($C32,'2025 结构设计订单 '!$B:$B,'2025 结构设计订单 '!M:M)) | N32: =IF((_xlfn.XLOOKUP($C32,'2025 结构设计订单 '!$B:$B,'2025 结构设计订单 '!N:N))=0," ",_xlfn.XLOOKUP($C32,'2025 结构设计订单 '!$B:$B,'2025 结构设计订单 '!N:N))
B33: 29 | C33: ='2025 结构设计订单 '!B79 -> 813137 | D33: ='2025 结构设计订单 '!C79 -> 80 | E33: ='2025 结构设计订单 '!D79 -> 230 | F33: ='2025 结构设计订单 '!E79 -> 沙特Aramco Asia备用变项目 | G33: ='2025 结构设计订单 '!F79 -> 出口 | H33: ='2025 结构设计订单 '!G79 -> 1 | I33: =IF((_xlfn.XLOOKUP($C33,'2025 结构设计订单 '!$B:$B,'2025 结构设计订单 '!H:H))=0," ",_xlfn.XLOOKUP($C33,'2025 结构设计订单 '!$B:$B,'2025 结构设计订单 '!H:H)) -> 张金环 | J33: =IF((_xlfn.XLOOKUP($C33,'2025 结构设计订单 '!$B:$B,'2025 结构设计订单 '!I:I))=0," ",_xlfn.XLOOKUP($C33,'2025 结构设计订单 '!$B:$B,'2025 结构设计订单 '!I:I)) -> 司林杰 | K33: =IF((_xlfn.XLOOKUP($C33,'2025 结构设计订单 '!$B:$B,'2025 结构设计订单 '!J:J))=0," ",_xlfn.XLOOKUP($C33,'2025 结构设计订单 '!$B:$B,'2025 结构设计订单 '!J:J)) -> 45870 | L33: =IF((_xlfn.XLOOKUP($C33,'2025 结构设计订单 '!$B:$B,'2025 结构设计订单 '!K:K))=0," ",_xlfn.XLOOKUP($C33,'2025 结构设计订单 '!$B:$B,'2025 结构设计订单 '!K:K)) | M33: =IF((_xlfn.XLOOKUP($C33,'2025 结构设计订单 '!$B:$B,'2025 结构设计订单 '!M:M))=0," ",_xlfn.XLOOKUP($C33,'2025 结构设计订单 '!$B:$B,'2025 结构设计订单 '!M:M)) -> 45879 | N33: =IF((_xlfn.XLOOKUP($C33,'2025 结构设计订单 '!$B:$B,'2025 结构设计订单 '!N:N))=0," ",_xlfn.XLOOKUP($C33,'2025 结构设计订单 '!$B:$B,'2025 结构设计订单 '!N:N))
B34: 37 | C34: ='2025 结构设计订单 '!B79 -> 813137 | D34: ='2025 结构设计订单 '!C79 -> 80 | E34: ='2025 结构设计订单 '!D79 -> 230 | F34: ='2025 结构设计订单 '!E79 -> 沙特Aramco Asia备用变项目 | G34: ='2025 结构设计订单 '!F79 -> 出口 | H34: ='2025 结构设计订单 '!G79 -> 1 | I34: =IF((_xlfn.XLOOKUP($C34,'2025 结构设计订单 '!$B:$B,'2025 结构设计订单 '!H:H))=0," ",_xlfn.XLOOKUP($C34,'2025 结构设计订单 '!$B:$B,'2025 结构设计订单 '!H:H)) -> 张金环 | J34: =IF((_xlfn.XLOOKUP($C34,'2025 结构设计订单 '!$B:$B,'2025 结构设计订单 '!I:I))=0," ",_xlfn.XLOOKUP($C34,'2025 结构设计订单 '!$B:$B,'2025 结构设计订单 '!I:I)) -> 司林杰 | K34: =IF((_xlfn.XLOOKUP($C34,'2025 结构设计订单 '!$B:$B,'2025 结构设计订单 '!J:J))=0," ",_xlfn.XLOOKUP($C34,'2025 结构设计订单 '!$B:$B,'2025 结构设计订单 '!J:J)) -> 45870 | L34: =IF((_xlfn.XLOOKUP($C34,'2025 结构设计订单 '!$B:$B,'2025 结构设计订单 '!K:K))=0," ",_xlfn.XLOOKUP($C34,'2025 结构设计订单 '!$B:$B,'2025 结构设计订单 '!K:K)) | M34: =IF((_xlfn.XLOOKUP($C34,'2025 结构设计订单 '!$B:$B,'2025 结构设计订单 '!M:M))=0," ",_xlfn.XLOOKUP($C34,'2025 结构设计订单 '!$B:$B,'2025 结构设计订单 '!M:M)) -> 45879 | N34: =IF((_xlfn.XLOOKUP($C34,'2025 结构设计订单 '!$B:$B,'2025 结构设计订单 '!N:N))=0," ",_xlfn.XLOOKUP($C34,'2025 结构设计订单 '!$B:$B,'2025 结构设计订单 '!N:N))
B35: 5 | C35: ='2025 结构设计订单 '!B80 -> 850623 | D35: ='2025 结构设计订单 '!C80 -> 120 | E35: ='2025 结构设计订单 '!D80 -> 220 | F35: ='2025 结构设计订单 '!E80 -> 山西运城临晋3号主变返厂大修 | G35: ='2025 结构设计订单 '!F80 -> 国内 | H35: ='2025 结构设计订单 '!G80 -> 1 | I35: =IF((_xlfn.XLOOKUP($C35,'2025 结构设计订单 '!$B:$B,'2025 结构设计订单 '!H:H))=0," ",_xlfn.XLOOKUP($C35,'2025 结构设计订单 '!$B:$B,'2025 结构设计订单 '!H:H)) -> 郑瑞阳 | J35: =IF((_xlfn.XLOOKUP($C35,'2025 结构设计订单 '!$B:$B,'2025 结构设计订单 '!I:I))=0," ",_xlfn.XLOOKUP($C35,'2025 结构设计订单 '!$B:$B,'2025 结构设计订单 '!I:I)) -> 董立乔 | K35: =IF((_xlfn.XLOOKUP($C35,'2025 结构设计订单 '!$B:$B,'2025 结构设计订单 '!J:J))=0," ",_xlfn.XLOOKUP($C35,'2025 结构设计订单 '!$B:$B,'2025 结构设计订单 '!J:J)) -> 45874 | L35: =IF((_xlfn.XLOOKUP($C35,'2025 结构设计订单 '!$B:$B,'2025 结构设计订单 '!K:K))=0," ",_xlfn.XLOOKUP($C35,'2025 结构设计订单 '!$B:$B,'2025 结构设计订单 '!K:K)) | M35: =IF((_xlfn.XLOOKUP($C35,'2025 结构设计订单 '!$B:$B,'2025 结构设计订单 '!M:M))=0," ",_xlfn.XLOOKUP($C35,'2025 结构设计订单 '!$B:$B,'2025 结构设计订单 '!M:M)) | N35: =IF((_xlfn.XLOOKUP($C35,'2025 结构设计订单 '!$B:$B,'2025 结构设计订单 '!N:N))=0," ",_xlfn.XLOOKUP($C35,'2025 结构设计订单 '!$B:$B,'2025 结构设计订单 '!N:N))
B36: 38 | C36: ='2025 结构设计订单 '!B80 -> 850623 | D36: ='2025 结构设计订单 '!C80 -> 120 | E36: ='2025 结构设计订单 '!D80 -> 220 | F36: ='2025 结构设计订单 '!E80 -> 山西运城临晋3号主变返厂大修 | G36: ='2025 结构设计订单 '!F80 -> 国内 | H36: ='2025 结构设计订单 '!G80 -> 1 | I36: =IF((_xlfn.XLOOKUP($C36,'2025 结构设计订单 '!$B:$B,'2025 结构设计订单 '!H:H))=0," ",_xlfn.XLOOKUP($C36,'2025 结构设计订单 '!$B:$B,'2025 结构设计订单 '!H:H)) -> 郑瑞阳 | J36: =IF((_xlfn.XLOOKUP($C36,'2025 结构设计订单 '!$B:$B,'2025 结构设计订单 '!I:I))=0," ",_xlfn.XLOOKUP($C36,'2025 结构设计订单 '!$B:$B,'2025 结构设计订单 '!I:I)) -> 董立乔 | K36: =IF((_xlfn.XLOOKUP($C36,'2025 结构设计订单 '!$B:$B,'2025 结构设计订单 '!J:J))=0," ",_xlfn.XLOOKUP($C36,'2025 结构设计订单 '!$B:$B,'2025 结构设计订单 '!J:J)) -> 45874 | L36: =IF((_xlfn.XLOOKUP($C36,'2025 结构设计订单 '!$B:$B,'2025 结构设计订单 '!K:K))=0," ",_xlfn.XLOOKUP($C36,'2025 结构设计订单 '!$B:$B,'2025 结构设计订单 '!K:K)) | M36: =IF((_xlfn.XLOOKUP($C36,'2025 结构设计订单 '!$B:$B,'2025 结构设计订单 '!M:M))=0," ",_xlfn.XLOOKUP($C36,'2025 结构设计订单 '!$B:$B,'2025 结构设计订单 '!M:M)) | N36: =IF((_xlfn.XLOOKUP($C36,'2025 结构设计订单 '!$B:$B,'2025 结构设计订单 '!N:N))=0," ",_xlfn.XLOOKUP($C36,'2025 结构设计订单 '!$B:$B,'2025 结构设计订单 '!N:N))
B37: 6 | C37: ='2025 结构设计订单 '!B81 -> 813025-8123027 | D37: ='2025 结构设计订单 '!C81 -> 330 | E37: ='2025 结构设计订单 '!D81 -> 330 | F37: ='2025 结构设计订单 '!E81 -> Nigeria Brownfield | G37: ='2025 结构设计订单 '!F81 -> 出口 | H37: ='2025 结构设计订单 '!G81 -> 2 3 | I37: =IF((_xlfn.XLOOKUP($C37,'2025 结构设计订单 '!$B:$B,'2025 结构设计订单 '!H:H))=0," ",_xlfn.XLOOKUP($C37,'2025 结构设计订单 '!$B:$B,'2025 结构设计订单 '!H:H)) -> 李咏梅 | J37: =IF((_xlfn.XLOOKUP($C37,'2025 结构设计订单 '!$B:$B,'2025 结构设计订单 '!I:I))=0," ",_xlfn.XLOOKUP($C37,'2025 结构设计订单 '!$B:$B,'2025 结构设计订单 '!I:I)) -> 司林杰 | K37: =IF((_xlfn.XLOOKUP($C37,'2025 结构设计订单 '!$B:$B,'2025 结构设计订单 '!J:J))=0," ",_xlfn.XLOOKUP($C37,'2025 结构设计订单 '!$B:$B,'2025 结构设计订单 '!J:J)) -> 45879 | L37: =IF((_xlfn.XLOOKUP($C37,'2025 结构设计订单 '!$B:$B,'2025 结构设计订单 '!K:K))=0," ",_xlfn.XLOOKUP($C37,'2025 结构设计订单 '!$B:$B,'2025 结构设计订单 '!K:K)) | M37: =IF((_xlfn.XLOOKUP($C37,'2025 结构设计订单 '!$B:$B,'2025 结构设计订单 '!M:M))=0," ",_xlfn.XLOOKUP($C37,'2025 结构设计订单 '!$B:$B,'2025 结构设计订单 '!M:M)) -> 45879 | N37: =IF((_xlfn.XLOOKUP($C37,'2025 结构设计订单 '!$B:$B,'2025 结构设计订单 '!N:N))=0," ",_xlfn.XLOOKUP($C37,'2025 结构设计订单 '!$B:$B,'2025 结构设计订单 '!N:N))
B38: 39 | C38: ='2025 结构设计订单 '!B81 -> 813025-8123027 | D38: ='2025 结构设计订单 '!C81 -> 330 | E38: ='2025 结构设计订单 '!D81 -> 330 | F38: ='2025 结构设计订单 '!E81 -> Nigeria Brownfield | G38: ='2025 结构设计订单 '!F81 -> 出口 | H38: ='2025 结构设计订单 '!G81 -> 2 3 | I38: =IF((_xlfn.XLOOKUP($C38,'2025 结构设计订单 '!$B:$B,'2025 结构设计订单 '!H:H))=0," ",_xlfn.XLOOKUP($C38,'2025 结构设计订单 '!$B:$B,'2025 结构设计订单 '!H:H)) -> 李咏梅 | J38: =IF((_xlfn.XLOOKUP($C38,'2025 结构设计订单 '!$B:$B,'2025 结构设计订单 '!I:I))=0," ",_xlfn.XLOOKUP($C38,'2025 结构设计订单 '!$B:$B,'2025 结构设计订单 '!I:I)) -> 司林杰 | K38: =IF((_xlfn.XLOOKUP($C38,'2025 结构设计订单 '!$B:$B,'2025 结构设计订单 '!J:J))=0," ",_xlfn.XLOOKUP($C38,'2025 结构设计订单 '!$B:$B,'2025 结构设计订单 '!J:J)) -> 45879 | L38: =IF((_xlfn.XLOOKUP($C38,'2025 结构设计订单 '!$B:$B,'2025 结构设计订单 '!K:K))=0," ",_xlfn.XLOOKUP($C38,'2025 结构设计订单 '!$B:$B,'2025 结构设计订单 '!K:K)) | M38: =IF((_xlfn.XLOOKUP($C38,'2025 结构设计订单 '!$B:$B,'2025 结构设计订单 '!M:M))=0," ",_xlfn.XLOOKUP($C38,'2025 结构设计订单 '!$B:$B,'2025 结构设计订单 '!M:M)) -> 45879 | N38: =IF((_xlfn.XLOOKUP($C38,'2025 结构设计订单 '!$B:$B,'2025 结构设计订单 '!N:N))=0," ",_xlfn.XLOOKUP($C38,'2025 结构设计订单 '!$B:$B,'2025 结构设计订单 '!N:N))
B39: 7 | C39: ='2025 结构设计订单 '!B83 -> 813088 | D39: ='2025 结构设计订单 '!C83 -> 520 | E39: ='2025 结构设计订单 '!D83 -> 500 | F39: ='2025 结构设计订单 '!E83 -> 华勘院深圳汕尾红海湾六海上风电 | G39: ='2025 结构设计订单 '!F83 -> 国内 | H39: ='2025 结构设计订单 '!G83 -> 1 | I39: =IF((_xlfn.XLOOKUP($C39,'2025 结构设计订单 '!$B:$B,'2025 结构设计订单 '!H:H))=0," ",_xlfn.XLOOKUP($C39,'2025 结构设计订单 '!$B:$B,'2025 结构设计订单 '!H:H)) -> 陈振东 | J39: =IF((_xlfn.XLOOKUP($C39,'2025 结构设计订单 '!$B:$B,'2025 结构设计订单 '!I:I))=0," ",_xlfn.XLOOKUP($C39,'2025 结构设计订单 '!$B:$B,'2025 结构设计订单 '!I:I)) -> 董立乔 | K39: =IF((_xlfn.XLOOKUP($C39,'2025 结构设计订单 '!$B:$B,'2025 结构设计订单 '!J:J))=0," ",_xlfn.XLOOKUP($C39,'2025 结构设计订单 '!$B:$B,'2025 结构设计订单 '!J:J)) -> 45884 | L39: =IF((_xlfn.XLOOKUP($C39,'2025 结构设计订单 '!$B:$B,'2025 结构设计订单 '!K:K))=0," ",_xlfn.XLOOKUP($C39,'2025 结构设计订单 '!$B:$B,'2025 结构设计订单 '!K:K)) | M39: =IF((_xlfn.XLOOKUP($C39,'2025 结构设计订单 '!$B:$B,'2025 结构设计订单 '!M:M))=0," ",_xlfn.XLOOKUP($C39,'2025 结构设计订单 '!$B:$B,'2025 结构设计订单 '!M:M)) | N39: =IF((_xlfn.XLOOKUP($C39,'2025 结构设计订单 '!$B:$B,'2025 结构设计订单 '!N:N))=0," ",_xlfn.XLOOKUP($C39,'2025 结构设计订单 '!$B:$B,'2025 结构设计订单 '!N:N))
B40: 9 | C40: ='2025 结构设计订单 '!B82 -> 813181-813182 | D40: ='2025 结构设计订单 '!C82 -> 90MVAr | E40: ='2025 结构设计订单 '!D82 -> 500 | F40: ='2025 结构设计订单 '!E82 -> Vietnam Shunt reactor | G40: ='2025 结构设计订单 '!F82 -> 出口 | H40: ='2025 结构设计订单 '!G82 -> 2 | I40: =IF((_xlfn.XLOOKUP($C40,'2025 结构设计订单 '!$B:$B,'2025 结构设计订单 '!H:H))=0," ",_xlfn.XLOOKUP($C40,'2025 结构设计订单 '!$B:$B,'2025 结构设计订单 '!H:H)) -> 郭运波 | J40: =IF((_xlfn.XLOOKUP($C40,'2025 结构设计订单 '!$B:$B,'2025 结构设计订单 '!I:I))=0," ",_xlfn.XLOOKUP($C40,'2025 结构设计订单 '!$B:$B,'2025 结构设计订单 '!I:I)) -> 董立乔 | K40: =IF((_xlfn.XLOOKUP($C40,'2025 结构设计订单 '!$B:$B,'2025 结构设计订单 '!J:J))=0," ",_xlfn.XLOOKUP($C40,'2025 结构设计订单 '!$B:$B,'2025 结构设计订单 '!J:J)) -> 45884 | L40: =IF((_xlfn.XLOOKUP($C40,'2025 结构设计订单 '!$B:$B,'2025 结构设计订单 '!K:K))=0," ",_xlfn.XLOOKUP($C40,'2025 结构设计订单 '!$B:$B,'2025 结构设计订单 '!K:K)) | M40: =IF((_xlfn.XLOOKUP($C40,'2025 结构设计订单 '!$B:$B,'2025 结构设计订单 '!M:M))=0," ",_xlfn.XLOOKUP($C40,'2025 结构设计订单 '!$B:$B,'2025 结构设计订单 '!M:M)) | N40: =IF((_xlfn.XLOOKUP($C40,'2025 结构设计订单 '!$B:$B,'2025 结构设计订单 '!N:N))=0," ",_xlfn.XLOOKUP($C40,'2025 结构设计订单 '!$B:$B,'2025 结构设计订单 '!N:N))
B41: 40 | C41: ='2025 结构设计订单 '!B82 -> 813181-813182 | D41: ='2025 结构设计订单 '!C82 -> 90MVAr | E41: ='2025 结构设计订单 '!D82 -> 500 | F41: ='2025 结构设计订单 '!E82 -> Vietnam Shunt reactor | G41: ='2025 结构设计订单 '!F82 -> 出口 | H41: ='2025 结构设计订单 '!G82 -> 2 | I41: =IF((_xlfn.XLOOKUP($C41,'2025 结构设计订单 '!$B:$B,'2025 结构设计订单 '!H:H))=0," ",_xlfn.XLOOKUP($C41,'2025 结构设计订单 '!$B:$B,'2025 结构设计订单 '!H:H)) -> 郭运波 | J41: =IF((_xlfn.XLOOKUP($C41,'2025 结构设计订单 '!$B:$B,'2025 结构设计订单 '!I:I))=0," ",_xlfn.XLOOKUP($C41,'2025 结构设计订单 '!$B:$B,'2025 结构设计订单 '!I:I)) -> 董立乔 | K41: =IF((_xlfn.XLOOKUP($C41,'2025 结构设计订单 '!$B:$B,'2025 结构设计订单 '!J:J))=0," ",_xlfn.XLOOKUP($C41,'2025 结构设计订单 '!$B:$B,'2025 结构设计订单 '!J:J)) -> 45884 | L41: =IF((_xlfn.XLOOKUP($C41,'2025 结构设计订单 '!$B:$B,'2025 结构设计订单 '!K:K))=0," ",_xlfn.XLOOKUP($C41,'2025 结构设计订单 '!$B:$B,'2025 结构设计订单 '!K:K)) | M41: =IF((_xlfn.XLOOKUP($C41,'2025 结构设计订单 '!$B:$B,'2025 结构设计订单 '!M:M))=0," ",_xlfn.XLOOKUP($C41,'2025 结构设计订单 '!$B:$B,'2025 结构设计订单 '!M:M)) | N41: =IF((_xlfn.XLOOKUP($C41,'2025 结构设计订单 '!$B:$B,'2025 结构设计订单 '!N:N))=0," ",_xlfn.XLOOKUP($C41,'2025 结构设计订单 '!$B:$B,'2025 结构设计订单 '!N:N))
B42: 41 | C42: ='2025 结构设计订单 '!B83 -> 813088 | D42: ='2025 结构设计订单 '!C83 -> 520 | E42: ='2025 结构设计订单 '!D83 -> 500 | F42: ='2025 结构设计订单 '!E83 -> 华勘院深圳汕尾红海湾六海上风电 | G42: ='2025 结构设计订单 '!F83 -> 国内 | H42: ='2025 结构设计订单 '!G83 -> 1 | I42: =IF((_xlfn.XLOOKUP($C42,'2025 结构设计订单 '!$B:$B,'2025 结构设计订单 '!H:H))=0," ",_xlfn.XLOOKUP($C42,'2025 结构设计订单 '!$B:$B,'2025 结构设计订单 '!H:H)) -> 陈振东 | J42: =IF((_xlfn.XLOOKUP($C42,'2025 结构设计订单 '!$B:$B,'2025 结构设计订单 '!I:I))=0," ",_xlfn.XLOOKUP($C42,'2025 结构设计订单 '!$B:$B,'2025 结构设计订单 '!I:I)) -> 董立乔 | K42: =IF((_xlfn.XLOOKUP($C42,'2025 结构设计订单 '!$B:$B,'2025 结构设计订单 '!J:J))=0," ",_xlfn.XLOOKUP($C42,'2025 结构设计订单 '!$B:$B,'2025 结构设计订单 '!J:J)) -> 45884 | L42: =IF((_xlfn.XLOOKUP($C42,'2025 结构设计订单 '!$B:$B,'2025 结构设计订单 '!K:K))=0," ",_xlfn.XLOOKUP($C42,'2025 结构设计订单 '!$B:$B,'2025 结构设计订单 '!K:K)) | M42: =IF((_xlfn.XLOOKUP($C42,'2025 结构设计订单 '!$B:$B,'2025 结构设计订单 '!M:M))=0," ",_xlfn.XLOOKUP($C42,'2025 结构设计订单 '!$B:$B,'2025 结构设计订单 '!M:M)) | N42: =IF((_xlfn.XLOOKUP($C42,'2025 结构设计订单 '!$B:$B,'2025 结构设计订单 '!N:N))=0," ",_xlfn.XLOOKUP($C42,'2025 结构设计订单 '!$B:$B,'2025 结构设计订单 '!N:N))
B43: 8 | C43: ='2025 结构设计订单 '!B84 -> 813138 | D43: ='2025 结构设计订单 '!C84 -> 66.7 | E43: ='2025 结构设计订单 '!D84 -> 230 | F43: ='2025 结构设计订单 '!E84 -> 沙特Aramco Asia备用变项目 | G43: ='2025 结构设计订单 '!F84 -> 出口 | H43: ='2025 结构设计订单 '!G84 -> 1 | I43: =IF((_xlfn.XLOOKUP($C43,'2025 结构设计订单 '!$B:$B,'2025 结构设计订单 '!H:H))=0," ",_xlfn.XLOOKUP($C43,'2025 结构设计订单 '!$B:$B,'2025 结构设计订单 '!H:H)) -> 张金环 | J43: =IF((_xlfn.XLOOKUP($C43,'2025 结构设计订单 '!$B:$B,'2025 结构设计订单 '!I:I))=0," ",_xlfn.XLOOKUP($C43,'2025 结构设计订单 '!$B:$B,'2025 结构设计订单 '!I:I)) -> 司林杰 | K43: =IF((_xlfn.XLOOKUP($C43,'2025 结构设计订单 '!$B:$B,'2025 结构设计订单 '!J:J))=0," ",_xlfn.XLOOKUP($C43,'2025 结构设计订单 '!$B:$B,'2025 结构设计订单 '!J:J)) -> 45896 | L43: =IF((_xlfn.XLOOKUP($C43,'2025 结构设计订单 '!$B:$B,'2025 结构设计订单 '!K:K))=0," ",_xlfn.XLOOKUP($C43,'2025 结构设计订单 '!$B:$B,'2025 结构设计订单 '!K:K)) | M43: =IF((_xlfn.XLOOKUP($C43,'2025 结构设计订单 '!$B:$B,'2025 结构设计订单 '!M:M))=0," ",_xlfn.XLOOKUP($C43,'2025 结构设计订单 '!$B:$B,'2025 结构设计订单 '!M:M)) -> 45899 | N43: =IF((_xlfn.XLOOKUP($C43,'2025 结构设计订单 '!$B:$B,'2025 结构设计订单 '!N:N))=0," ",_xlfn.XLOOKUP($C43,'2025 结构设计订单 '!$B:$B,'2025 结构设计订单 '!N:N))
B44: 42 | C44: ='2025 结构设计订单 '!B84 -> 813138 | D44: ='2025 结构设计订单 '!C84 -> 66.7 | E44: ='2025 结构设计订单 '!D84 -> 230 | F44: ='2025 结构设计订单 '!E84 -> 沙特Aramco Asia备用变项目 | G44: ='2025 结构设计订单 '!F84 -> 出口 | H44: ='2025 结构设计订单 '!G84 -> 1 | I44: =IF((_xlfn.XLOOKUP($C44,'2025 结构设计订单 '!$B:$B,'2025 结构设计订单 '!H:H))=0," ",_xlfn.XLOOKUP($C44,'2025 结构设计订单 '!$B:$B,'2025 结构设计订单 '!H:H)) -> 张金环 | J44: =IF((_xlfn.XLOOKUP($C44,'2025 结构设计订单 '!$B:$B,'2025 结构设计订单 '!I:I))=0," ",_xlfn.XLOOKUP($C44,'2025 结构设计订单 '!$B:$B,'2025 结构设计订单 '!I:I)) -> 司林杰 | K44: =IF((_xlfn.XLOOKUP($C44,'2025 结构设计订单 '!$B:$B,'2025 结构设计订单 '!J:J))=0," ",_xlfn.XLOOKUP($C44,'2025 结构设计订单 '!$B:$B,'2025 结构设计订单 '!J:J)) -> 45896 | L44: =IF((_xlfn.XLOOKUP($C44,'2025 结构设计订单 '!$B:$B,'2025 结构设计订单 '!K:K))=0," ",_xlfn.XLOOKUP($C44,'2025 结构设计订单 '!$B:$B,'2025 结构设计订单 '!K:K)) | M44: =IF((_xlfn.XLOOKUP($C44,'2025 结构设计订单 '!$B:$B,'2025 结构设计订单 '!M:M))=0," ",_xlfn.XLOOKUP($C44,'2025 结构设计订单 '!$B:$B,'2025 结构设计订单 '!M:M)) -> 45899 | N44: =IF((_xlfn.XLOOKUP($C44,'2025 结构设计订单 '!$B:$B,'2025 结构设计订单 '!N:N))=0," ",_xlfn.XLOOKUP($C44,'2025 结构设计订单 '!$B:$B,'2025 结构设计订单 '!N:N))
B45: 20 | C45: ='2025 结构设计订单 '!B85 -> 813205-813207 | D45: ='2025 结构设计订单 '!C85 -> 100 | E45: ='2025 结构设计订单 '!D85 -> 220 | F45: ='2025 结构设计订单 '!E85 -> UAE Transco ICAD-N | G45: ='2025 结构设计订单 '!F85 -> 出口 | H45: ='2025 结构设计订单 '!G85 -> 3 | I45: =IF((_xlfn.XLOOKUP($C45,'2025 结构设计订单 '!$B:$B,'2025 结构设计订单 '!H:H))=0," ",_xlfn.XLOOKUP($C45,'2025 结构设计订单 '!$B:$B,'2025 结构设计订单 '!H:H)) -> 李咏梅 | J45: =IF((_xlfn.XLOOKUP($C45,'2025 结构设计订单 '!$B:$B,'2025 结构设计订单 '!I:I))=0," ",_xlfn.XLOOKUP($C45,'2025 结构设计订单 '!$B:$B,'2025 结构设计订单 '!I:I)) -> 司林杰 | K45: =IF((_xlfn.XLOOKUP($C45,'2025 结构设计订单 '!$B:$B,'2025 结构设计订单 '!J:J))=0," ",_xlfn.XLOOKUP($C45,'2025 结构设计订单 '!$B:$B,'2025 结构设计订单 '!J:J)) -> 45898 | L45: =IF((_xlfn.XLOOKUP($C45,'2025 结构设计订单 '!$B:$B,'2025 结构设计订单 '!K:K))=0," ",_xlfn.XLOOKUP($C45,'2025 结构设计订单 '!$B:$B,'2025 结构设计订单 '!K:K)) | M45: =IF((_xlfn.XLOOKUP($C45,'2025 结构设计订单 '!$B:$B,'2025 结构设计订单 '!M:M))=0," ",_xlfn.XLOOKUP($C45,'2025 结构设计订单 '!$B:$B,'2025 结构设计订单 '!M:M)) -> 45894 | N45: =IF((_xlfn.XLOOKUP($C45,'2025 结构设计订单 '!$B:$B,'2025 结构设计订单 '!N:N))=0," ",_xlfn.XLOOKUP($C45,'2025 结构设计订单 '!$B:$B,'2025 结构设计订单 '!N:N))
B46: 21 | C46: ='2025 结构设计订单 '!B86 -> 813215-813217 | D46: ='2025 结构设计订单 '!C86 -> 334 | E46: ='2025 结构设计订单 '!D86 -> 550 | F46: ='2025 结构设计订单 '!E86 -> 潍坊项目 | G46: ='2025 结构设计订单 '!F86 -> 国内 | H46: ='2025 结构设计订单 '!G86 -> 3 | I46: =IF((_xlfn.XLOOKUP($C46,'2025 结构设计订单 '!$B:$B,'2025 结构设计订单 '!H:H))=0," ",_xlfn.XLOOKUP($C46,'2025 结构设计订单 '!$B:$B,'2025 结构设计订单 '!H:H)) -> 郑瑞阳 | J46: =IF((_xlfn.XLOOKUP($C46,'2025 结构设计订单 '!$B:$B,'2025 结构设计订单 '!I:I))=0," ",_xlfn.XLOOKUP($C46,'2025 结构设计订单 '!$B:$B,'2025 结构设计订单 '!I:I)) -> 董立乔 | K46: =IF((_xlfn.XLOOKUP($C46,'2025 结构设计订单 '!$B:$B,'2025 结构设计订单 '!J:J))=0," ",_xlfn.XLOOKUP($C46,'2025 结构设计订单 '!$B:$B,'2025 结构设计订单 '!J:J)) -> 45898 | L46: =IF((_xlfn.XLOOKUP($C46,'2025 结构设计订单 '!$B:$B,'2025 结构设计订单 '!K:K))=0," ",_xlfn.XLOOKUP($C46,'2025 结构设计订单 '!$B:$B,'2025 结构设计订单 '!K:K)) | M46: =IF((_xlfn.XLOOKUP($C46,'2025 结构设计订单 '!$B:$B,'2025 结构设计订单 '!M:M))=0," ",_xlfn.XLOOKUP($C46,'2025 结构设计订单 '!$B:$B,'2025 结构设计订单 '!M:M)) | N46: =IF((_xlfn.XLOOKUP($C46,'2025 结构设计订单 '!$B:$B,'2025 结构设计订单 '!N:N))=0," ",_xlfn.XLOOKUP($C46,'2025 结构设计订单 '!$B:$B,'2025 结构设计订单 '!N:N))
B47: 43 | C47: ='2025 结构设计订单 '!B85 -> 813205-813207 | D47: ='2025 结构设计订单 '!C85 -> 100 | E47: ='2025 结构设计订单 '!D85 -> 220 | F47: ='2025 结构设计订单 '!E85 -> UAE Transco ICAD-N | G47: ='2025 结构设计订单 '!F85 -> 出口 | H47: ='2025 结构设计订单 '!G85 -> 3 | I47: =IF((_xlfn.XLOOKUP($C47,'2025 结构设计订单 '!$B:$B,'2025 结构设计订单 '!H:H))=0," ",_xlfn.XLOOKUP($C47,'2025 结构设计订单 '!$B:$B,'2025 结构设计订单 '!H:H)) -> 李咏梅 | J47: =IF((_xlfn.XLOOKUP($C47,'2025 结构设计订单 '!$B:$B,'2025 结构设计订单 '!I:I))=0," ",_xlfn.XLOOKUP($C47,'2025 结构设计订单 '!$B:$B,'2025 结构设计订单 '!I:I)) -> 司林杰 | K47: =IF((_xlfn.XLOOKUP($C47,'2025 结构设计订单 '!$B:$B,'2025 结构设计订单 '!J:J))=0," ",_xlfn.XLOOKUP($C47,'2025 结构设计订单 '!$B:$B,'2025 结构设计订单 '!J:J)) -> 45898 | L47: =IF((_xlfn.XLOOKUP($C47,'2025 结构设计订单 '!$B:$B,'2025 结构设计订单 '!K:K))=0," ",_xlfn.XLOOKUP($C47,'2025 结构设计订单 '!$B:$B,'2025 结构设计订单 '!K:K)) | M47: =IF((_xlfn.XLOOKUP($C47,'2025 结构设计订单 '!$B:$B,'2025 结构设计订单 '!M:M))=0," ",_xlfn.XLOOKUP($C47,'2025 结构设计订单 '!$B:$B,'2025 结构设计订单 '!M:M)) -> 45894 | N47: =IF((_xlfn.XLOOKUP($C47,'2025 结构设计订单 '!$B:$B,'2025 结构设计订单 '!N:N))=0," ",_xlfn.XLOOKUP($C47,'2025 结构设计订单 '!$B:$B,'2025 结构设计订单 '!N:N))
B48: 44 | C48: ='2025 结构设计订单 '!B86 -> 813215-813217 | D48: ='2025 结构设计订单 '!C86 -> 334 | E48: ='2025 结构设计订单 '!D86 -> 550 | F48: ='2025 结构设计订单 '!E86 -> 潍坊项目 | G48: ='2025 结构设计订单 '!F86 -> 国内 | H48: ='2025 结构设计订单 '!G86 -> 3 | I48: =IF((_xlfn.XLOOKUP($C48,'2025 结构设计订单 '!$B:$B,'2025 结构设计订单 '!H:H))=0," ",_xlfn.XLOOKUP($C48,'2025 结构设计订单 '!$B:$B,'2025 结构设计订单 '!H:H)) -> 郑瑞阳 | J48: =IF((_xlfn.XLOOKUP($C48,'2025 结构设计订单 '!$B:$B,'2025 结构设计订单 '!I:I))=0," ",_xlfn.XLOOKUP($C48,'2025 结构设计订单 '!$B:$B,'2025 结构设计订单 '!I:I)) -> 董立乔 | K48: =IF((_xlfn.XLOOKUP($C48,'2025 结构设计订单 '!$B:$B,'2025 结构设计订单 '!J:J))=0," ",_xlfn.XLOOKUP($C48,'2025 结构设计订单 '!$B:$B,'2025 结构设计订单 '!J:J)) -> 45898 | L48: =IF((_xlfn.XLOOKUP($C48,'2025 结构设计订单 '!$B:$B,'2025 结构设计订单 '!K:K))=0," ",_xlfn.XLOOKUP($C48,'2025 结构设计订单 '!$B:$B,'2025 结构设计订单 '!K:K)) | M48: =IF((_xlfn.XLOOKUP($C48,'2025 结构设计订单 '!$B:$B,'2025 结构设计订单 '!M:M))=0," ",_xlfn.XLOOKUP($C48,'2025 结构设计订单 '!$B:$B,'2025 结构设计订单 '!M:M)) | N48: =IF((_xlfn.XLOOKUP($C48,'2025 结构设计订单 '!$B:$B,'2025 结构设计订单 '!N:N))=0," ",_xlfn.XLOOKUP($C48,'2025 结构设计订单 '!$B:$B,'2025 结构设计订单 '!N:N))
B49: 45 | C49: ='2025 结构设计订单 '!B87 -> 813201 | D49: ='2025 结构设计订单 '!C87 -> 460 | E49: ='2025 结构设计订单 '!D87 -> 400 | F49: ='2025 结构设计订单 '!E87 -> Poland_BC Wind | G49: ='2025 结构设计订单 '!F87 -> 出口 | H49: ='2025 结构设计订单 '!G87 -> 1 | I49: =IF((_xlfn.XLOOKUP($C49,'2025 结构设计订单 '!$B:$B,'2025 结构设计订单 '!H:H))=0," ",_xlfn.XLOOKUP($C49,'2025 结构设计订单 '!$B:$B,'2025 结构设计订单 '!H:H)) -> 李红杰 | J49: =IF((_xlfn.XLOOKUP($C49,'2025 结构设计订单 '!$B:$B,'2025 结构设计订单 '!I:I))=0," ",_xlfn.XLOOKUP($C49,'2025 结构设计订单 '!$B:$B,'2025 结构设计订单 '!I:I)) -> 王芳 | K49: =IF((_xlfn.XLOOKUP($C49,'2025 结构设计订单 '!$B:$B,'2025 结构设计订单 '!J:J))=0," ",_xlfn.XLOOKUP($C49,'2025 结构设计订单 '!$B:$B,'2025 结构设计订单 '!J:J)) -> 45905 | L49: =IF((_xlfn.XLOOKUP($C49,'2025 结构设计订单 '!$B:$B,'2025 结构设计订单 '!K:K))=0," ",_xlfn.XLOOKUP($C49,'2025 结构设计订单 '!$B:$B,'2025 结构设计订单 '!K:K)) | M49: =IF((_xlfn.XLOOKUP($C49,'2025 结构设计订单 '!$B:$B,'2025 结构设计订单 '!M:M))=0," ",_xlfn.XLOOKUP($C49,'2025 结构设计订单 '!$B:$B,'2025 结构设计订单 '!M:M)) | N49: =IF((_xlfn.XLOOKUP($C49,'2025 结构设计订单 '!$B:$B,'2025 结构设计订单 '!N:N))=0," ",_xlfn.XLOOKUP($C49,'2025 结构设计订单 '!$B:$B,'2025 结构设计订单 '!N:N))
B50: 46 | C50: ='2025 结构设计订单 '!B88 -> 813208-813210 | D50: ='2025 结构设计订单 '!C88 -> 334 | E50: ='2025 结构设计订单 '!D88 -> 550 | F50: ='2025 结构设计订单 '!E88 -> 渔盐项目 | G50: ='2025 结构设计订单 '!F88 -> 国内 | H50: ='2025 结构设计订单 '!G88 -> 3 | I50: =IF((_xlfn.XLOOKUP($C50,'2025 结构设计订单 '!$B:$B,'2025 结构设计订单 '!H:H))=0," ",_xlfn.XLOOKUP($C50,'2025 结构设计订单 '!$B:$B,'2025 结构设计订单 '!H:H)) -> 郑瑞阳 | J50: =IF((_xlfn.XLOOKUP($C50,'2025 结构设计订单 '!$B:$B,'2025 结构设计订单 '!I:I))=0," ",_xlfn.XLOOKUP($C50,'2025 结构设计订单 '!$B:$B,'2025 结构设计订单 '!I:I)) -> 董立乔 | K50: =IF((_xlfn.XLOOKUP($C50,'2025 结构设计订单 '!$B:$B,'2025 结构设计订单 '!J:J))=0," ",_xlfn.XLOOKUP($C50,'2025 结构设计订单 '!$B:$B,'2025 结构设计订单 '!J:J)) -> 45905 | L50: =IF((_xlfn.XLOOKUP($C50,'2025 结构设计订单 '!$B:$B,'2025 结构设计订单 '!K:K))=0," ",_xlfn.XLOOKUP($C50,'2025 结构设计订单 '!$B:$B,'2025 结构设计订单 '!K:K)) | M50: =IF((_xlfn.XLOOKUP($C50,'2025 结构设计订单 '!$B:$B,'2025 结构设计订单 '!M:M))=0," ",_xlfn.XLOOKUP($C50,'2025 结构设计订单 '!$B:$B,'2025 结构设计订单 '!M:M)) | N50: =IF((_xlfn.XLOOKUP($C50,'2025 结构设计订单 '!$B:$B,'2025 结构设计订单 '!N:N))=0," ",_xlfn.XLOOKUP($C50,'2025 结构设计订单 '!$B:$B,'2025 结构设计订单 '!N:N))
B51: 48 | C51: ='2025 结构设计订单 '!B89 -> 813160 | D51: ='2025 结构设计订单 '!C89 -> 280 | E51: ='2025 结构设计订单 '!D89 -> 400 | F51: ='2025 结构设计订单 '!E89 -> UK_Statera Energy Framework | G51: ='2025 结构设计订单 '!F89 -> 出口 | H51: ='2025 结构设计订单 '!G89 -> 1 | I51: =IF((_xlfn.XLOOKUP($C51,'2025 结构设计订单 '!$B:$B,'2025 结构设计订单 '!H:H))=0," ",_xlfn.XLOOKUP($C51,'2025 结构设计订单 '!$B:$B,'2025 结构设计订单 '!H:H)) -> 李咏梅 | J51: =IF((_xlfn.XLOOKUP($C51,'2025 结构设计订单 '!$B:$B,'2025 结构设计订单 '!I:I))=0," ",_xlfn.XLOOKUP($C51,'2025 结构设计订单 '!$B:$B,'2025 结构设计订单 '!I:I)) -> 王芳 | K51: =IF((_xlfn.XLOOKUP($C51,'2025 结构设计订单 '!$B:$B,'2025 结构设计订单 '!J:J))=0," ",_xlfn.XLOOKUP($C51,'2025 结构设计订单 '!$B:$B,'2025 结构设计订单 '!J:J)) -> 45915 | L51: =IF((_xlfn.XLOOKUP($C51,'2025 结构设计订单 '!$B:$B,'2025 结构设计订单 '!K:K))=0," ",_xlfn.XLOOKUP($C51,'2025 结构设计订单 '!$B:$B,'2025 结构设计订单 '!K:K)) -> 45884 | M51: =IF((_xlfn.XLOOKUP($C51,'2025 结构设计订单 '!$B:$B,'2025 结构设计订单 '!M:M))=0," ",_xlfn.XLOOKUP($C51,'2025 结构设计订单 '!$B:$B,'2025 结构设计订单 '!M:M)) | N51: =IF((_xlfn.XLOOKUP($C51,'2025 结构设计订单 '!$B:$B,'2025 结构设计订单 '!N:N))=0," ",_xlfn.XLOOKUP($C51,'2025 结构设计订单 '!$B:$B,'2025 结构设计订单 '!N:N))
B52: 49 | C52: ='2025 结构设计订单 '!B90 -> 813143 | D52: ='2025 结构设计订单 '!C90 -> 60 | E52: ='2025 结构设计订单 '!D90 -> 220 | F52: ='2025 结构设计订单 '!E90 -> 上海电气马来西亚 | G52: ='2025 结构设计订单 '!F90 -> 出口 | H52: ='2025 结构设计订单 '!G90 -> 1 | I52: =IF((_xlfn.XLOOKUP($C52,'2025 结构设计订单 '!$B:$B,'2025 结构设计订单 '!H:H))=0," ",_xlfn.XLOOKUP($C52,'2025 结构设计订单 '!$B:$B,'2025 结构设计订单 '!H:H)) -> 李咏梅 | J52: =IF((_xlfn.XLOOKUP($C52,'2025 结构设计订单 '!$B:$B,'2025 结构设计订单 '!I:I))=0," ",_xlfn.XLOOKUP($C52,'2025 结构设计订单 '!$B:$B,'2025 结构设计订单 '!I:I)) -> 王芳 | K52: =IF((_xlfn.XLOOKUP($C52,'2025 结构设计订单 '!$B:$B,'2025 结构设计订单 '!J:J))=0," ",_xlfn.XLOOKUP($C52,'2025 结构设计订单 '!$B:$B,'2025 结构设计订单 '!J:J)) -> 45930 | L52: =IF((_xlfn.XLOOKUP($C52,'2025 结构设计订单 '!$B:$B,'2025 结构设计订单 '!K:K))=0," ",_xlfn.XLOOKUP($C52,'2025 结构设计订单 '!$B:$B,'2025 结构设计订单 '!K:K)) | M52: =IF((_xlfn.XLOOKUP($C52,'2025 结构设计订单 '!$B:$B,'2025 结构设计订单 '!M:M))=0," ",_xlfn.XLOOKUP($C52,'2025 结构设计订单 '!$B:$B,'2025 结构设计订单 '!M:M)) | N52: =IF((_xlfn.XLOOKUP($C52,'2025 结构设计订单 '!$B:$B,'2025 结构设计订单 '!N:N))=0," ",_xlfn.XLOOKUP($C52,'2025 结构设计订单 '!$B:$B,'2025 结构设计订单 '!N:N))
B53: 50 | C53: ='2025 结构设计订单 '!B91 -> 813195-813196 | D53: ='2025 结构设计订单 '!C91 -> 150 | E53: ='2025 结构设计订单 '!D91 -> 225 | F53: ='2025 结构设计订单 '!E91 -> Senegal Pole | G53: ='2025 结构设计订单 '!F91 -> 出口 | H53: ='2025 结构设计订单 '!G91 -> 2 | I53: =IF((_xlfn.XLOOKUP($C53,'2025 结构设计订单 '!$B:$B,'2025 结构设计订单 '!H:H))=0," ",_xlfn.XLOOKUP($C53,'2025 结构设计订单 '!$B:$B,'2025 结构设计订单 '!H:H)) -> 郭运波 | J53: =IF((_xlfn.XLOOKUP($C53,'2025 结构设计订单 '!$B:$B,'2025 结构设计订单 '!I:I))=0," ",_xlfn.XLOOKUP($C53,'2025 结构设计订单 '!$B:$B,'2025 结构设计订单 '!I:I)) -> 司林杰 | K53: =IF((_xlfn.XLOOKUP($C53,'2025 结构设计订单 '!$B:$B,'2025 结构设计订单 '!J:J))=0," ",_xlfn.XLOOKUP($C53,'2025 结构设计订单 '!$B:$B,'2025 结构设计订单 '!J:J)) -> 45940 | L53: =IF((_xlfn.XLOOKUP($C53,'2025 结构设计订单 '!$B:$B,'2025 结构设计订单 '!K:K))=0," ",_xlfn.XLOOKUP($C53,'2025 结构设计订单 '!$B:$B,'2025 结构设计订单 '!K:K)) | M53: =IF((_xlfn.XLOOKUP($C53,'2025 结构设计订单 '!$B:$B,'2025 结构设计订单 '!M:M))=0," ",_xlfn.XLOOKUP($C53,'2025 结构设计订单 '!$B:$B,'2025 结构设计订单 '!M:M)) -> 45960 | N53: =IF((_xlfn.XLOOKUP($C53,'2025 结构设计订单 '!$B:$B,'2025 结构设计订单 '!N:N))=0," ",_xlfn.XLOOKUP($C53,'2025 结构设计订单 '!$B:$B,'2025 结构设计订单 '!N:N))
B54: 51 | C54: ='2025 结构设计订单 '!B92 -> 813141 | D54: ='2025 结构设计订单 '!C92 -> 66 | E54: ='2025 结构设计订单 '!D92 -> 230 | F54: ='2025 结构设计订单 '!E92 -> 沙特Aramco Asia备用变项目 | G54: ='2025 结构设计订单 '!F92 -> 出口 | H54: ='2025 结构设计订单 '!G92 -> 1 | I54: =IF((_xlfn.XLOOKUP($C54,'2025 结构设计订单 '!$B:$B,'2025 结构设计订单 '!H:H))=0," ",_xlfn.XLOOKUP($C54,'2025 结构设计订单 '!$B:$B,'2025 结构设计订单 '!H:H)) -> 陈振东 | J54: =IF((_xlfn.XLOOKUP($C54,'2025 结构设计订单 '!$B:$B,'2025 结构设计订单 '!I:I))=0," ",_xlfn.XLOOKUP($C54,'2025 结构设计订单 '!$B:$B,'2025 结构设计订单 '!I:I)) -> 司林杰 | K54: =IF((_xlfn.XLOOKUP($C54,'2025 结构设计订单 '!$B:$B,'2025 结构设计订单 '!J:J))=0," ",_xlfn.XLOOKUP($C54,'2025 结构设计订单 '!$B:$B,'2025 结构设计订单 '!J:J)) -> 45930 | L54: =IF((_xlfn.XLOOKUP($C54,'2025 结构设计订单 '!$B:$B,'2025 结构设计订单 '!K:K))=0," ",_xlfn.XLOOKUP($C54,'2025 结构设计订单 '!$B:$B,'2025 结构设计订单 '!K:K)) | M54: =IF((_xlfn.XLOOKUP($C54,'2025 结构设计订单 '!$B:$B,'2025 结构设计订单 '!M:M))=0," ",_xlfn.XLOOKUP($C54,'2025 结构设计订单 '!$B:$B,'2025 结构设计订单 '!M:M)) -> 45945 | N54: =IF((_xlfn.XLOOKUP($C54,'2025 结构设计订单 '!$B:$B,'2025 结构设计订单 '!N:N))=0," ",_xlfn.XLOOKUP($C54,'2025 结构设计订单 '!$B:$B,'2025 结构设计订单 '!N:N))
B55: 52 | C55: ='2025 结构设计订单 '!B94 -> 813060/813061 | D55: ='2025 结构设计订单 '!C94 -> 120 | E55: ='2025 结构设计订单 '!D94 -> 220 | F55: ='2025 结构设计订单 '!E94 -> Peru | G55: ='2025 结构设计订单 '!F94 -> 出口 | H55: ='2025 结构设计订单 '!G94 -> 2 | I55: =IF((_xlfn.XLOOKUP($C55,'2025 结构设计订单 '!$B:$B,'2025 结构设计订单 '!H:H))=0," ",_xlfn.XLOOKUP($C55,'2025 结构设计订单 '!$B:$B,'2025 结构设计订单 '!H:H)) -> 张金环 | J55: =IF((_xlfn.XLOOKUP($C55,'2025 结构设计订单 '!$B:$B,'2025 结构设计订单 '!I:I))=0," ",_xlfn.XLOOKUP($C55,'2025 结构设计订单 '!$B:$B,'2025 结构设计订单 '!I:I)) -> 司林杰 | K55: =IF((_xlfn.XLOOKUP($C55,'2025 结构设计订单 '!$B:$B,'2025 结构设计订单 '!J:J))=0," ",_xlfn.XLOOKUP($C55,'2025 结构设计订单 '!$B:$B,'2025 结构设计订单 '!J:J)) -> 45945 | L55: =IF((_xlfn.XLOOKUP($C55,'2025 结构设计订单 '!$B:$B,'2025 结构设计订单 '!K:K))=0," ",_xlfn.XLOOKUP($C55,'2025 结构设计订单 '!$B:$B,'2025 结构设计订单 '!K:K)) | M55: =IF((_xlfn.XLOOKUP($C55,'2025 结构设计订单 '!$B:$B,'2025 结构设计订单 '!M:M))=0," ",_xlfn.XLOOKUP($C55,'2025 结构设计订单 '!$B:$B,'2025 结构设计订单 '!M:M)) | N55: =IF((_xlfn.XLOOKUP($C55,'2025 结构设计订单 '!$B:$B,'2025 结构设计订单 '!N:N))=0," ",_xlfn.XLOOKUP($C55,'2025 结构设计订单 '!$B:$B,'2025 结构设计订单 '!N:N))
B56: 53 | C56: ='2025 结构设计订单 '!B95 -> 813240/813241 | D56: ='2025 结构设计订单 '!C95 -> 175 | E56: ='2025 结构设计订单 '!D95 -> 220 | F56: ='2025 结构设计订单 '!E95 -> UAE ADNOC | G56: ='2025 结构设计订单 '!F95 -> 出口 | H56: ='2025 结构设计订单 '!G95 -> 2 | I56: =IF((_xlfn.XLOOKUP($C56,'2025 结构设计订单 '!$B:$B,'2025 结构设计订单 '!H:H))=0," ",_xlfn.XLOOKUP($C56,'2025 结构设计订单 '!$B:$B,'2025 结构设计订单 '!H:H)) -> 李咏梅 | J56: =IF((_xlfn.XLOOKUP($C56,'2025 结构设计订单 '!$B:$B,'2025 结构设计订单 '!I:I))=0," ",_xlfn.XLOOKUP($C56,'2025 结构设计订单 '!$B:$B,'2025 结构设计订单 '!I:I)) -> 司林杰 | K56: =IF((_xlfn.XLOOKUP($C56,'2025 结构设计订单 '!$B:$B,'2025 结构设计订单 '!J:J))=0," ",_xlfn.XLOOKUP($C56,'2025 结构设计订单 '!$B:$B,'2025 结构设计订单 '!J:J)) -> 45947 | L56: =IF((_xlfn.XLOOKUP($C56,'2025 结构设计订单 '!$B:$B,'2025 结构设计订单 '!K:K))=0," ",_xlfn.XLOOKUP($C56,'2025 结构设计订单 '!$B:$B,'2025 结构设计订单 '!K:K)) | M56: =IF((_xlfn.XLOOKUP($C56,'2025 结构设计订单 '!$B:$B,'2025 结构设计订单 '!M:M))=0," ",_xlfn.XLOOKUP($C56,'2025 结构设计订单 '!$B:$B,'2025 结构设计订单 '!M:M)) -> 45947 | N56: =IF((_xlfn.XLOOKUP($C56,'2025 结构设计订单 '!$B:$B,'2025 结构设计订单 '!N:N))=0," ",_xlfn.XLOOKUP($C56,'2025 结构设计订单 '!$B:$B,'2025 结构设计订单 '!N:N))
B57: 54 | C57: ='2025 结构设计订单 '!B96 -> 813242 | D57: ='2025 结构设计订单 '!C96 -> 125 | E57: ='2025 结构设计订单 '!D96 -> 400 | F57: ='2025 结构设计订单 '!E96 -> Romania_ Vacareni WPP | G57: ='2025 结构设计订单 '!F96 -> 出口 | H57: ='2025 结构设计订单 '!G96 -> 1 | I57: =IF((_xlfn.XLOOKUP($C57,'2025 结构设计订单 '!$B:$B,'2025 结构设计订单 '!H:H))=0," ",_xlfn.XLOOKUP($C57,'2025 结构设计订单 '!$B:$B,'2025 结构设计订单 '!H:H)) -> 戚彬 | J57: =IF((_xlfn.XLOOKUP($C57,'2025 结构设计订单 '!$B:$B,'2025 结构设计订单 '!I:I))=0," ",_xlfn.XLOOKUP($C57,'2025 结构设计订单 '!$B:$B,'2025 结构设计订单 '!I:I)) -> 王芳 | K57: =IF((_xlfn.XLOOKUP($C57,'2025 结构设计订单 '!$B:$B,'2025 结构设计订单 '!J:J))=0," ",_xlfn.XLOOKUP($C57,'2025 结构设计订单 '!$B:$B,'2025 结构设计订单 '!J:J)) -> 45950 | L57: =IF((_xlfn.XLOOKUP($C57,'2025 结构设计订单 '!$B:$B,'2025 结构设计订单 '!K:K))=0," ",_xlfn.XLOOKUP($C57,'2025 结构设计订单 '!$B:$B,'2025 结构设计订单 '!K:K)) | M57: =IF((_xlfn.XLOOKUP($C57,'2025 结构设计订单 '!$B:$B,'2025 结构设计订单 '!M:M))=0," ",_xlfn.XLOOKUP($C57,'2025 结构设计订单 '!$B:$B,'2025 结构设计订单 '!M:M)) | N57: =IF((_xlfn.XLOOKUP($C57,'2025 结构设计订单 '!$B:$B,'2025 结构设计订单 '!N:N))=0," ",_xlfn.XLOOKUP($C57,'2025 结构设计订单 '!$B:$B,'2025 结构设计订单 '!N:N))
B58: 55 | C58: ='2025 结构设计订单 '!B97 -> 8RE011 | D58: ='2025 结构设计订单 '!C97 -> 150 | E58: ='2025 结构设计订单 '!D97 -> 380 | F58: ='2025 结构设计订单 '!E97 -> Saudi Arabia | G58: ='2025 结构设计订单 '!F97 -> 出口 | H58: ='2025 结构设计订单 '!G97 -> 6 | I58: =IF((_xlfn.XLOOKUP($C58,'2025 结构设计订单 '!$B:$B,'2025 结构设计订单 '!H:H))=0," ",_xlfn.XLOOKUP($C58,'2025 结构设计订单 '!$B:$B,'2025 结构设计订单 '!H:H)) -> 郭运波 | J58: =IF((_xlfn.XLOOKUP($C58,'2025 结构设计订单 '!$B:$B,'2025 结构设计订单 '!I:I))=0," ",_xlfn.XLOOKUP($C58,'2025 结构设计订单 '!$B:$B,'2025 结构设计订单 '!I:I)) -> 司林杰 | K58: =IF((_xlfn.XLOOKUP($C58,'2025 结构设计订单 '!$B:$B,'2025 结构设计订单 '!J:J))=0," ",_xlfn.XLOOKUP($C58,'2025 结构设计订单 '!$B:$B,'2025 结构设计订单 '!J:J)) -> 45955 | L58: =IF((_xlfn.XLOOKUP($C58,'2025 结构设计订单 '!$B:$B,'2025 结构设计订单 '!K:K))=0," ",_xlfn.XLOOKUP($C58,'2025 结构设计订单 '!$B:$B,'2025 结构设计订单 '!K:K)) | M58: =IF((_xlfn.XLOOKUP($C58,'2025 结构设计订单 '!$B:$B,'2025 结构设计订单 '!M:M))=0," ",_xlfn.XLOOKUP($C58,'2025 结构设计订单 '!$B:$B,'2025 结构设计订单 '!M:M)) -> 45951 | N58: =IF((_xlfn.XLOOKUP($C58,'2025 结构设计订单 '!$B:$B,'2025 结构设计订单 '!N:N))=0," ",_xlfn.XLOOKUP($C58,'2025 结构设计订单 '!$B:$B,'2025 结构设计订单 '!N:N))
B59: 55 | C59: ='2025 结构设计订单 '!B98 -> 813235/813236 | D59: ='2025 结构设计订单 '!C98 -> 100 | E59: ='2025 结构设计订单 '!D98 -> 230 | F59: ='2025 结构设计订单 '!E98 -> 泰国西门子EPC 台湾 reactor | G59: ='2025 结构设计订单 '!F98 -> 出口 | H59: ='2025 结构设计订单 '!G98 -> 2 | I59: =IF((_xlfn.XLOOKUP($C59,'2025 结构设计订单 '!$B:$B,'2025 结构设计订单 '!H:H))=0," ",_xlfn.XLOOKUP($C59,'2025 结构设计订单 '!$B:$B,'2025 结构设计订单 '!H:H)) -> 戚彬 | J59: =IF((_xlfn.XLOOKUP($C59,'2025 结构设计订单 '!$B:$B,'2025 结构设计订单 '!I:I))=0," ",_xlfn.XLOOKUP($C59,'2025 结构设计订单 '!$B:$B,'2025 结构设计订单 '!I:I)) -> 王芳 | K59: =IF((_xlfn.XLOOKUP($C59,'2025 结构设计订单 '!$B:$B,'2025 结构设计订单 '!J:J))=0," ",_xlfn.XLOOKUP($C59,'2025 结构设计订单 '!$B:$B,'2025 结构设计订单 '!J:J)) -> 45960 | L59: =IF((_xlfn.XLOOKUP($C59,'2025 结构设计订单 '!$B:$B,'2025 结构设计订单 '!K:K))=0," ",_xlfn.XLOOKUP($C59,'2025 结构设计订单 '!$B:$B,'2025 结构设计订单 '!K:K)) | M59: =IF((_xlfn.XLOOKUP($C59,'2025 结构设计订单 '!$B:$B,'2025 结构设计订单 '!M:M))=0," ",_xlfn.XLOOKUP($C59,'2025 结构设计订单 '!$B:$B,'2025 结构设计订单 '!M:M)) | N59: =IF((_xlfn.XLOOKUP($C59,'2025 结构设计订单 '!$B:$B,'2025 结构设计订单 '!N:N))=0," ",_xlfn.XLOOKUP($C59,'2025 结构设计订单 '!$B:$B,'2025 结构设计订单 '!N:N))
B60: 55 | C60: ='2025 结构设计订单 '!B99 -> 813197-813198 | D60: ='2025 结构设计订单 '!C99 -> 150 | E60: ='2025 结构设计订单 '!D99 -> 230 | F60: ='2025 结构设计订单 '!E99 -> Canada_SaskPower | G60: ='2025 结构设计订单 '!F99 -> 出口 | H60: ='2025 结构设计订单 '!G99 -> 2 | I60: =IF((_xlfn.XLOOKUP($C60,'2025 结构设计订单 '!$B:$B,'2025 结构设计订单 '!H:H))=0," ",_xlfn.XLOOKUP($C60,'2025 结构设计订单 '!$B:$B,'2025 结构设计订单 '!H:H)) -> 李咏梅 | J60: =IF((_xlfn.XLOOKUP($C60,'2025 结构设计订单 '!$B:$B,'2025 结构设计订单 '!I:I))=0," ",_xlfn.XLOOKUP($C60,'2025 结构设计订单 '!$B:$B,'2025 结构设计订单 '!I:I)) -> 王芳 | K60: =IF((_xlfn.XLOOKUP($C60,'2025 结构设计订单 '!$B:$B,'2025 结构设计订单 '!J:J))=0," ",_xlfn.XLOOKUP($C60,'2025 结构设计订单 '!$B:$B,'2025 结构设计订单 '!J:J)) -> 45960 | L60: =IF((_xlfn.XLOOKUP($C60,'2025 结构设计订单 '!$B:$B,'2025 结构设计订单 '!K:K))=0," ",_xlfn.XLOOKUP($C60,'2025 结构设计订单 '!$B:$B,'2025 结构设计订单 '!K:K)) | M60: =IF((_xlfn.XLOOKUP($C60,'2025 结构设计订单 '!$B:$B,'2025 结构设计订单 '!M:M))=0," ",_xlfn.XLOOKUP($C60,'2025 结构设计订单 '!$B:$B,'2025 结构设计订单 '!M:M)) | N60: =IF((_xlfn.XLOOKUP($C60,'2025 结构设计订单 '!$B:$B,'2025 结构设计订单 '!N:N))=0," ",_xlfn.XLOOKUP($C60,'2025 结构设计订单 '!$B:$B,'2025 结构设计订单 '!N:N))
B61: 47 | C61: 850621 | D61: 180 | E61: 220 | F61: 山西朔州亲和1号主变返厂大修 | G61: 国内 | H61: 1 | I61: 高伟廷 | J61: 董立乔 | K61: =IF((_xlfn.XLOOKUP($C61,'2025 结构设计订单 '!$B:$B,'2025 结构设计订单 '!J:J))=0," ",_xlfn.XLOOKUP($C61,'2025 结构设计订单 '!$B:$B,'2025 结构设计订单 '!J:J)) | L61: =IF((_xlfn.XLOOKUP($C61,'2025 结构设计订单 '!$B:$B,'2025 结构设计订单 '!K:K))=0," ",_xlfn.XLOOKUP($C61,'2025 结构设计订单 '!$B:$B,'2025 结构设计订单 '!K:K)) | M61: =IF((_xlfn.XLOOKUP($C61,'2025 结构设计订单 '!$B:$B,'2025 结构设计订单 '!M:M))=0," ",_xlfn.XLOOKUP($C61,'2025 结构设计订单 '!$B:$B,'2025 结构设计订单 '!M:M)) | N61: =IF((_xlfn.XLOOKUP($C61,'2025 结构设计订单 '!$B:$B,'2025 结构设计订单 '!N:N))=0," ",_xlfn.XLOOKUP($C61,'2025 结构设计订单 '!$B:$B,'2025 结构设计订单 '!N:N))

Sheet Sheet1
A1: {=A1:A1} -> 影响设计

Sheet 出口订单
B9: 订单号 | C9: 项目名称 | D9: 特殊材料 | E9: 负责人 | F9: 计划图纸提交日期 | H9: 备注
F10: 一次图纸 | G10: 二次图纸
B47: 812645 | C47: NGCP 334MVA/500kV | D47: DGA、光纤 | E47: 郭运波 | F47: 44755 | G47: 44762
